,vegetarian,glutenFree,dairyFree,veryHealthy,healthScore,aggregateLikes,id,title,pricePerServing,readyInMinutes,servings,sourceUrl,CaloriesAmount,CaloriespercentOfDailyNeed,FatAmount,FatpercentOfDailyNeed,SaturatedFatAmount,SaturatedFatpercentOfDailyNeed,CarbohydratesAmount,CarbohydratespercentOfDailyNeed,NetCarbohydratesAmount,NetCarbohydratespercentOfDailyNeed,SugarAmount,SugarpercentOfDailyNeed,CholesterolAmount,CholesterolpercentOfDailyNeed,SodiumAmount,SodiumpercentOfDailyNeed,ProteinAmount,ProteinpercentOfDailyNeed,FiberAmount,FiberpercentOfDailyNeed,VitaminB6Amount,VitaminB6percentOfDailyNeed,ManganeseAmount,ManganesepercentOfDailyNeed,SeleniumAmount,SeleniumpercentOfDailyNeed,PotassiumAmount,PotassiumpercentOfDailyNeed,VitaminB2Amount,VitaminB2percentOfDailyNeed,VitaminCAmount,VitaminCpercentOfDailyNeed,PhosphorusAmount,PhosphoruspercentOfDailyNeed,FolateAmount,FolatepercentOfDailyNeed,VitaminB5Amount,VitaminB5percentOfDailyNeed,MagnesiumAmount,MagnesiumpercentOfDailyNeed,IronAmount,IronpercentOfDailyNeed,VitaminKAmount,VitaminKpercentOfDailyNeed,CopperAmount,CopperpercentOfDailyNeed,VitaminAAmount,VitaminApercentOfDailyNeed,VitaminB12Amount,VitaminB12percentOfDailyNeed,VitaminDAmount,VitaminDpercentOfDailyNeed,ZincAmount,ZincpercentOfDailyNeed,VitaminEAmount,VitaminEpercentOfDailyNeed,VitaminB3Amount,VitaminB3percentOfDailyNeed,VitaminB1Amount,VitaminB1percentOfDailyNeed,CalciumAmount,CalciumpercentOfDailyNeed,AlcoholAmount,AlcoholpercentOfDailyNeed,CaffeineAmount,CaffeinepercentOfDailyNeed
0,True,True,True,False,1.0,3,633998,Banana Blueberry Pancakes,55.79,45,8,https://www.foodista.com/recipe/K65SYB3F/banana-blueberry-pancakes,175.67,8.78,9.87,15.18,7.36,45.98,19.46,6.49,15.66,5.69,9.49,10.55,81.84,27.28,43.51,1.89,4.25,8.51,3.81,15.22,0.26,13.19,0.25,12.51,7.37,10.52,318.24,9.09,0.15,8.9,6.93,8.4,58.86,5.89,23.26,5.81,0.56,5.58,19.91,4.98,0.75,4.14,4.0,3.81,0.08,3.8,166.92,3.34,0.2,3.26,0.44,2.93,0.41,2.71,0.4,2.7,0.49,2.44,0.03,2.26,18.11,1.81,,,,
1,True,True,False,False,0.0,1,634426,Basil and Orange Confit Compound Butter,15.07,45,10,https://www.foodista.com/recipe/ZCDX55YK/basil-and-orange-confit-compound-butter,85.52,4.28,9.6,14.77,5.88,36.75,0.17,0.06,0.1,0.04,0.01,0.01,24.38,8.13,20.67,0.9,0.12,0.24,,,,,,,,,,,,,0.89,1.08,,,,,,,,,,,2.69,2.57,,,307.0,6.14,,,0.17,1.13,,,0.33,2.17,,,,,,,,,,
2,False,False,False,False,3.0,1,635085,Black Bottom Banana Bars,78.85,45,5,https://www.foodista.com/recipe/HPYY5YMF/black-bottom-banana-bars,700.3,35.01,28.77,44.26,17.6,110.0,106.55,35.52,101.95,37.07,68.26,75.85,86.94,28.98,653.78,28.43,8.23,16.45,4.6,18.4,0.2,10.13,0.55,27.61,16.95,24.21,367.18,10.49,0.28,16.75,4.13,5.01,159.83,15.98,83.82,20.95,0.49,4.86,43.7,10.93,3.14,17.46,2.06,1.96,0.26,13.1,724.23,14.48,0.12,1.95,0.52,3.44,0.77,5.12,0.69,4.61,2.63,13.13,0.32,21.09,100.8,10.08,0.28,1.53,9.89,3.3
3,True,False,True,False,2.0,1,663229,The Best Raw Chocolate Chip Cookies,54.64,45,12,http://www.foodista.com/recipe/5K2BY4P7/the-best-raw-chocolate-chip-cookies,169.88,8.49,11.52,17.73,3.07,19.17,12.96,4.32,9.51,3.46,1.11,1.23,0.0,0.0,100.84,4.38,4.12,8.24,3.45,13.81,,,0.12,5.9,3.92,5.6,,,0.05,3.14,,,18.65,1.87,20.24,5.06,,,8.51,2.13,1.21,6.71,,,0.03,1.65,,,,,,,,,,,0.65,3.26,0.1,6.47,26.79,2.68,,,,
4,False,True,False,False,31.0,3,651437,Mediterranean Spinach Artichoke Dip,115.26,45,8,https://www.foodista.com/recipe/SWFHGWPH/mediterranean-spinach-artichoke-dip,144.42,7.22,9.68,14.9,4.18,26.15,7.98,2.66,5.57,2.02,3.42,3.8,20.87,6.96,294.22,12.79,7.46,14.93,2.41,9.64,0.14,6.82,0.36,18.16,5.62,8.03,350.16,10.0,0.2,11.79,11.97,14.51,119.37,11.94,61.51,15.38,0.31,3.05,42.27,10.57,1.48,8.23,134.49,128.08,0.13,6.39,4738.56,94.77,0.22,3.68,,,0.78,5.21,1.15,7.64,0.66,3.29,0.07,4.64,162.84,16.28,,,,
5,False,True,True,False,30.0,1,1096267,Turkey Burgers with Slaw,387.61,30,2,https://www.foodista.com/recipe/XVMGHL2B/aip-turkey-burgers-with-slaw-recipe,422.4,21.12,24.64,37.91,8.96,56.0,7.51,2.5,4.56,1.66,3.56,3.95,101.35,33.78,306.54,13.33,45.53,91.06,2.95,11.81,1.68,84.13,0.46,23.22,41.46,59.22,818.97,23.4,0.24,13.85,21.0,25.45,472.35,47.23,64.59,16.15,1.86,18.58,71.28,17.82,2.54,14.12,63.49,60.47,0.22,10.94,565.26,11.31,0.94,15.66,0.74,4.91,3.66,24.4,2.4,16.0,18.27,91.37,0.19,12.44,42.49,4.25,,,,
6,True,False,False,False,5.0,1,647894,Individual Strawberry Souffles,101.4,30,4,http://www.foodista.com/recipe/PP7RN4BD/individual-strawberry-souffles,278.04,13.9,14.45,22.22,8.37,52.3,30.05,10.02,28.07,10.21,10.23,11.37,82.79,27.6,134.11,5.83,7.61,15.22,1.98,7.94,0.1,4.99,0.43,21.43,15.65,22.35,280.05,8.0,0.35,20.59,39.81,48.26,151.07,15.11,70.11,17.53,0.75,7.52,25.61,6.4,1.63,9.04,2.72,2.59,0.1,4.97,527.34,10.55,0.56,9.3,1.62,10.81,0.79,5.27,0.69,4.58,1.75,8.73,0.25,16.67,134.56,13.46,,,,
7,False,False,False,False,0.0,1,982367,Fidget Spinner Cookies,21.6,47,20,https://www.pinkwhen.com/fidget-spinner-cookies/,341.08,17.05,11.72,18.03,6.39,39.97,54.98,18.33,53.42,19.43,16.43,18.26,24.4,8.13,382.78,16.64,5.88,11.75,1.56,6.24,0.03,1.29,0.41,20.5,18.59,26.55,973.77,27.82,0.06,3.78,,,696.45,69.65,46.52,11.63,0.19,1.85,15.88,3.97,1.99,11.03,1.9,1.81,0.09,4.36,284.2,5.68,,,0.17,1.14,0.48,3.18,0.43,2.89,1.38,6.89,0.17,11.38,423.33,42.33,,,,
8,False,False,False,False,4.0,1,641943,Easy Crawfish Jambalaya,126.04,45,15,https://www.foodista.com/recipe/6LYZHBTV/easy-crawfish-jambalaya,208.18,10.41,8.49,13.05,2.8,17.49,24.3,8.1,22.73,8.27,2.98,3.32,26.89,8.96,550.22,23.92,8.23,16.46,1.57,6.27,0.23,11.54,0.37,18.26,5.37,7.67,333.14,9.52,0.1,6.16,18.13,21.98,101.79,10.18,19.11,4.78,0.67,6.68,23.06,5.77,1.25,6.94,15.75,15.0,0.16,8.0,600.16,12.0,0.39,6.5,0.39,2.63,1.14,7.59,0.93,6.17,2.69,13.46,0.13,8.51,27.17,2.72,,,,
9,True,False,True,True,62.0,1,1095768,"Bulgur Wheat Salad with Chickpeas, Bell Peppers & Tomatoes",229.28,30,2,https://www.foodista.com/recipe/YTTY6HD2/bulgur-wheat-salad-with-chickpeas-bell-peppers-tomatoes,549.83,27.49,8.1,12.46,0.87,5.45,105.22,35.07,78.12,28.41,15.35,17.06,0.0,0.0,818.62,35.59,21.84,43.69,27.1,108.42,1.81,90.49,4.21,210.57,6.45,9.22,1101.44,31.47,0.26,15.47,210.98,255.73,450.75,45.07,152.68,38.17,1.9,19.04,207.14,51.79,6.05,33.63,38.68,36.84,0.69,34.74,4131.92,82.64,,,,,3.43,22.85,2.68,17.87,5.51,27.55,0.37,24.71,151.83,15.18,,,,
10,False,False,False,False,36.0,37,639606,Classic Greek Moussaka,441.5,45,4,http://www.foodista.com/recipe/LPXBFBVS/classic-greek-moussaka,840.68,42.03,52.25,80.38,22.54,140.89,54.65,18.22,43.08,15.67,23.18,25.76,292.77,97.59,1345.26,58.49,42.15,84.3,11.57,46.28,1.22,61.02,1.19,59.27,45.96,65.66,1573.65,44.96,1.12,65.74,22.9,27.75,655.57,65.56,160.62,40.15,3.05,30.48,114.83,28.71,6.96,38.66,29.66,28.25,0.64,32.08,1286.93,25.74,3.82,63.69,2.06,13.73,8.45,56.32,6.14,40.96,10.99,54.94,0.62,41.22,494.29,49.43,,,,
11,False,False,False,False,1.0,1,643877,Fromage Blanc Cheesecake,203.73,45,10,http://www.foodista.com/recipe/LHLJB3RL/fromage-blanc-cheesecake,610.43,30.52,34.35,52.84,17.48,109.25,58.97,19.66,57.43,20.88,51.68,57.43,192.46,64.15,72.42,3.15,6.49,12.98,1.54,6.17,0.07,3.73,0.26,12.75,7.59,10.85,157.26,4.49,0.26,15.37,,,149.32,14.93,26.72,6.68,0.54,5.38,37.08,9.27,1.02,5.66,2.91,2.77,0.15,7.31,965.99,19.32,0.35,5.83,1.0,6.68,0.87,5.81,3.83,25.51,0.7,3.48,0.07,4.72,93.66,9.37,7.71,42.84,,
12,True,False,False,False,4.0,4,639209,Chocolate Spelt Cake,74.24,45,8,https://www.foodista.com/recipe/B6XNBWP6/chocolate-spelt-cake,500.63,25.03,16.59,25.53,9.51,59.44,80.95,26.98,75.68,27.52,35.37,39.3,78.9,26.3,421.27,18.32,11.34,22.68,5.27,21.07,0.17,8.33,1.75,87.67,12.16,17.37,1127.95,32.23,0.18,10.82,,,297.97,29.8,27.81,6.95,0.82,8.17,142.66,35.66,3.56,19.78,3.61,3.44,0.32,15.88,514.42,10.29,0.16,2.7,0.49,3.27,1.79,11.92,0.86,5.76,9.65,48.25,0.19,12.6,89.34,8.93,,,728.39,242.8
13,False,False,False,False,2.0,1,653353,Nutella Cupcakes & Peanut Butter Frosting,59.65,45,14,http://www.foodista.com/recipe/2WFZ6KK4/nutella-cupcakes-peanut-butter-frosting,487.78,24.39,28.51,43.86,15.33,95.82,52.62,17.54,50.06,18.2,38.63,42.92,59.39,19.8,207.29,9.01,8.59,17.17,2.57,10.27,0.14,6.75,0.55,27.64,9.78,13.97,313.02,8.94,0.12,6.96,,,185.38,18.54,24.64,6.16,0.48,4.76,48.48,12.12,1.47,8.15,1.66,1.58,0.23,11.38,459.16,9.18,0.19,3.09,0.54,3.58,1.03,6.83,2.96,19.72,2.71,13.57,0.05,3.18,81.64,8.16,,,,
14,True,True,True,False,16.0,2,661036,Spicy Carrot Amaranth Soup,220.53,45,3,https://www.foodista.com/recipe/GCF2PY72/spicy-carrot-amaranth-soup,346.25,17.31,22.64,34.83,9.95,62.17,32.11,10.7,25.48,9.27,8.49,9.44,0.0,0.0,1481.47,64.41,7.02,14.03,6.63,26.53,0.27,13.25,1.48,74.05,8.16,11.66,492.1,14.06,0.07,4.35,6.88,8.34,256.18,25.62,55.5,13.87,0.47,4.75,82.15,20.54,4.12,22.88,14.46,13.77,0.5,25.11,12256.23,245.12,,,,,1.23,8.2,1.68,11.2,1.19,5.94,0.09,5.91,103.27,10.33,,,,
15,True,True,False,False,8.0,1,653399,Nutty Rice,99.58,45,4,http://www.foodista.com/recipe/LVXC2HL2/nutty-rice,286.46,14.32,6.65,10.23,3.78,23.65,48.44,16.15,43.92,15.97,4.21,4.68,15.05,5.02,680.23,29.58,7.95,15.89,4.52,18.08,0.21,10.7,0.91,45.4,8.4,12.0,342.56,9.79,0.14,8.16,37.69,45.68,151.43,15.14,52.69,13.17,0.58,5.75,39.42,9.85,1.82,10.14,27.22,25.92,0.28,13.75,962.58,19.25,,,,,1.53,10.18,0.43,2.87,2.91,14.54,0.23,15.26,46.57,4.66,,,,
16,False,True,True,False,12.0,1,635793,Braised Anise Beef,157.95,45,6,http://www.foodista.com/recipe/MR26H5VT/braised-anise-beef,325.6,16.28,22.1,34.0,7.97,49.83,1.9,0.63,1.71,0.62,0.84,0.93,104.33,34.78,884.79,38.47,30.11,60.21,,,0.62,30.83,0.11,5.65,31.44,44.91,534.08,15.26,0.24,13.88,,,301.38,30.14,6.27,1.57,0.98,9.76,33.77,8.44,3.53,19.59,5.89,5.61,0.12,5.83,,,4.13,68.79,0.15,1.01,11.45,76.32,1.1,7.37,6.92,34.58,0.11,7.27,33.55,3.36,,,,
17,False,True,False,False,13.0,1,649882,Lemony Brown Rice With Baby Spinach,168.13,45,6,http://www.foodista.com/recipe/R2G8DX2C/lemony-brown-rice-with-baby-spinach,474.59,23.73,37.41,57.56,22.16,138.53,22.27,7.42,19.07,6.94,3.82,4.24,90.63,30.21,1271.73,55.29,13.66,27.31,3.19,12.78,0.37,18.51,0.9,45.15,7.29,10.42,322.91,9.23,0.21,12.13,103.86,125.89,292.76,29.28,64.04,16.01,0.69,6.89,60.86,15.22,1.28,7.13,64.42,61.35,0.1,4.98,4361.92,87.24,0.42,6.93,0.64,4.27,1.52,10.15,2.58,17.19,1.8,8.98,0.13,8.86,389.98,39.0,,,,
18,False,False,False,False,4.0,2,664533,Vegetable Cheddar Quiche,71.8,75,8,http://www.foodista.com/recipe/KH7DRH22/vegetable-cheddar-quiche,278.91,13.95,21.65,33.31,6.81,42.57,14.61,4.87,13.18,4.79,2.08,2.31,21.04,7.01,422.04,18.35,6.99,13.98,1.43,5.71,0.1,5.07,0.22,10.78,5.84,8.35,181.52,5.19,0.19,11.16,13.21,16.02,138.07,13.81,38.94,9.74,0.49,4.86,17.98,4.5,1.02,5.68,49.63,47.26,0.09,4.3,621.03,12.42,0.2,3.36,0.27,1.79,0.81,5.42,1.14,7.61,1.17,5.83,0.1,6.69,156.48,15.65,,,,
19,False,True,True,False,5.0,2,658126,Red Wine Stewed Oxtail,416.91,45,6,http://www.foodista.com/recipe/ZXV5HC2C/red-wine-stewed-oxtail,655.98,32.8,34.24,52.68,9.97,62.32,11.57,3.86,9.78,3.56,5.03,5.59,166.32,55.44,594.06,25.83,48.3,96.6,1.78,7.14,0.24,11.9,0.38,19.15,1.05,1.5,441.24,12.61,0.09,5.39,8.79,10.65,65.63,6.56,14.86,3.71,0.29,2.86,34.99,8.75,7.8,43.32,13.12,12.5,0.17,8.32,167.01,3.34,,,,,0.46,3.06,2.96,19.73,1.29,6.43,0.08,5.03,75.03,7.5,15.58,86.57,,
20,True,True,True,False,20.0,1,642892,Fire Roasted Tomato Chutney,74.69,45,3,http://www.foodista.com/recipe/HVRGXWYT/fire-roasted-tomato-chutney,33.78,1.69,0.38,0.58,0.06,0.36,7.42,2.47,4.74,1.72,3.89,4.32,0.0,0.0,253.77,11.03,1.47,2.94,2.68,10.71,0.12,5.75,0.25,12.32,,,356.25,10.18,0.05,2.88,23.7,28.73,37.51,3.75,29.67,7.42,0.16,1.57,21.14,5.28,0.88,4.87,17.99,17.14,0.11,5.28,1525.55,30.51,,,,,0.32,2.11,0.74,4.96,0.9,4.5,0.06,3.71,34.28,3.43,,,,
21,False,False,False,False,21.0,18,632874,Asian Salmon Burgers With Tangy Ginger Lime Sauce,370.04,30,4,http://www.foodista.com/recipe/FRT38YTC/asian-salmon-burgers-with-tangy-ginger-lime-sauce,564.48,28.22,39.75,61.16,6.56,41.03,23.05,7.68,21.96,7.99,3.37,3.74,71.37,23.79,651.69,28.33,27.64,55.29,1.09,4.35,0.99,49.3,0.39,19.37,52.04,74.35,650.13,18.58,0.55,32.26,2.07,2.51,292.05,29.2,80.74,20.18,1.96,19.6,47.6,11.9,2.66,14.75,35.19,33.51,0.36,17.93,149.63,2.99,3.73,62.2,,,1.2,7.97,0.81,5.4,11.22,56.1,0.54,36.17,102.05,10.2,,,,
22,True,True,False,False,16.0,1,636600,Butternut Squash Soup,102.1,45,6,https://www.foodista.com/recipe/MTNWYJSS/butternut-squash-soup,205.85,10.29,10.42,16.03,5.93,37.04,25.57,8.52,22.06,8.02,6.92,7.69,27.36,9.12,217.87,9.47,5.19,10.38,3.51,14.03,0.37,18.33,0.44,22.03,3.81,5.45,662.32,18.92,0.15,8.77,31.94,38.71,97.56,9.76,64.11,16.03,0.59,5.9,59.79,14.95,1.83,10.15,16.43,15.64,0.21,10.29,14066.39,281.33,,,0.16,1.06,0.47,3.1,2.37,15.79,3.57,17.83,0.2,13.23,91.18,9.12,,,,
23,True,False,False,False,9.0,1,635447,Blueberry Compote Bread Pudding With Soft Curd Cheese Sabayon,270.38,45,4,http://www.foodista.com/recipe/BFY8ZWNN/blueberry-compote-bread-pudding-with-soft-curd-cheese-sabayon,819.5,40.97,43.06,66.25,22.6,141.27,85.39,28.46,84.71,30.8,57.71,64.13,222.46,74.15,1152.97,50.13,25.44,50.87,0.68,2.71,0.25,12.73,0.12,6.09,26.92,38.45,749.93,21.43,1.0,58.59,4.55,5.52,507.5,50.75,45.96,11.49,2.41,24.14,55.66,13.91,2.03,11.26,7.95,7.57,0.16,7.8,1320.69,26.41,2.61,43.53,7.05,47.02,2.43,16.21,1.15,7.7,0.59,2.97,0.27,18.0,613.26,61.33,,,,
24,True,True,False,False,6.0,7,645416,Green Beans with Garlic Chips,83.9,45,4,http://www.foodista.com/recipe/4D3H7QM3/green-beans-with-garlic-chips,177.96,8.9,13.08,20.12,4.66,29.09,14.6,4.87,9.73,3.54,6.77,7.52,15.05,5.02,206.95,9.0,3.49,6.97,4.87,19.49,0.28,14.22,0.44,21.91,1.48,2.12,397.01,11.34,0.19,10.91,22.47,27.24,74.81,7.48,59.02,14.76,0.42,4.21,45.27,11.32,1.9,10.54,29.29,27.9,0.13,6.6,1349.08,26.98,,,,,0.47,3.13,1.87,12.46,1.28,6.42,0.15,10.04,73.38,7.34,,,,
25,False,False,False,False,0.0,1,654516,Pandan Thumbprint Biscuits,54.26,45,24,http://www.foodista.com/recipe/7RN8DN4F/pandan-thumbprint-biscuits,188.77,9.44,11.6,17.84,6.86,42.86,23.19,7.73,21.48,7.81,15.72,17.47,6.75,2.25,31.2,1.36,1.95,3.89,1.72,6.86,,,0.18,9.15,3.39,4.85,90.93,2.6,0.11,6.21,,,50.15,5.02,13.19,3.3,,,33.32,8.33,1.09,6.03,1.95,1.86,0.17,8.54,62.68,1.25,,,,,0.47,3.15,,,0.57,2.87,0.06,3.83,,,,,18.48,6.16
26,False,False,False,False,42.0,1,649225,Lamb Moussaka,528.5,45,12,http://www.foodista.com/recipe/RSSXNKVB/lamb-moussaka,763.16,38.16,32.56,50.09,10.88,68.02,35.64,11.88,29.69,10.8,20.59,22.87,261.5,87.17,1587.14,69.01,78.7,157.41,5.95,23.82,2.15,107.6,0.6,30.03,104.77,149.67,1844.61,52.7,0.89,52.34,24.71,29.95,986.46,98.65,100.48,25.12,4.81,48.09,137.55,34.39,4.58,25.43,59.93,57.08,0.42,21.03,1089.49,21.79,3.01,50.21,1.57,10.5,6.2,41.31,2.94,19.61,30.58,152.9,0.46,30.62,478.31,47.83,1.05,5.83,,
27,True,True,False,False,19.0,2,641962,Easy Eggplant Parmesan,195.51,45,4,https://www.foodista.com/recipe/XQNPGJDB/easy-eggplant-parmesan,349.0,17.45,25.03,38.51,3.78,23.65,19.51,6.5,12.55,4.56,10.81,12.01,11.2,3.73,556.88,24.21,17.33,34.66,6.96,27.83,0.28,13.84,0.6,30.12,0.94,1.35,731.84,20.91,0.13,7.76,13.04,15.81,75.41,7.54,56.1,14.02,0.79,7.91,44.19,11.05,1.58,8.77,39.67,37.78,0.27,13.66,724.29,14.49,,,,,0.55,3.64,3.28,21.85,2.02,10.12,0.1,6.86,156.77,15.68,,,,
28,True,False,False,False,3.0,7,655145,Peach Pie,173.52,45,6,http://www.foodista.com/recipe/V45YG86D/peach-pie,549.03,27.45,37.79,58.14,19.98,124.88,44.83,14.94,42.63,15.5,29.9,33.23,232.69,77.56,175.85,7.65,9.16,18.32,2.2,8.79,0.12,5.77,0.29,14.28,15.95,22.78,337.96,9.66,0.39,22.88,5.57,6.75,182.27,18.23,49.17,12.29,0.93,9.29,39.67,9.92,1.77,9.83,5.12,4.87,0.17,8.74,1597.22,31.94,0.44,7.32,1.22,8.15,1.05,7.03,3.69,24.58,1.68,8.41,0.16,10.93,116.78,11.68,0.75,4.14,,
29,True,True,True,False,19.0,1,648742,Kappa Maki,72.94,45,8,http://www.foodista.com/recipe/VJ3JTZWL/kappa-maki,351.69,17.58,0.63,0.97,0.11,0.71,77.24,25.75,74.12,26.95,1.04,1.16,0.0,0.0,8.58,0.37,6.82,13.63,3.12,12.48,0.14,6.96,0.97,48.41,14.05,20.07,177.75,5.08,0.08,4.43,2.9,3.51,82.16,8.22,18.83,4.71,0.95,9.49,30.3,7.58,1.67,9.27,5.45,5.19,0.21,10.74,120.07,2.4,,,,,1.25,8.34,,,2.03,10.15,0.19,12.73,21.56,2.16,,,,
30,True,True,True,False,17.0,1,1096306,Vegan Chana Masala Curry,165.89,30,4,https://www.foodista.com/recipe/HXDMH8K8/vegan-chana-masala,482.98,24.15,28.46,43.78,12.87,80.46,48.35,16.12,33.66,12.24,6.83,7.58,0.0,0.0,929.75,40.42,15.41,30.83,14.69,58.75,1.36,68.22,2.77,138.58,6.35,9.07,885.82,25.31,0.12,6.8,15.07,18.26,289.4,28.94,86.19,21.55,1.14,11.39,107.18,26.8,6.34,35.2,13.79,13.13,0.74,36.97,454.62,9.09,,,,,2.46,16.43,3.34,22.26,2.14,10.71,0.2,13.09,154.27,15.43,,,,
31,True,True,False,False,5.0,249,716421,Grilled Peach Melba with Vanilla Bean Frozen Yogurt,405.52,45,4,http://fullbellysisters.blogspot.com/2012/06/grilled-peach-melba-with-vanilla-bean.html,375.7,18.79,15.29,23.52,12.31,76.94,47.95,15.98,43.61,15.86,41.91,46.57,7.5,2.5,56.84,2.47,16.73,33.46,4.34,17.36,0.15,7.47,0.4,19.76,15.05,21.5,464.87,13.28,0.48,28.0,18.03,21.86,234.98,23.5,24.47,6.12,0.8,8.01,35.05,8.76,0.79,4.39,6.16,5.86,0.14,7.02,306.1,6.12,1.13,18.75,,,1.19,7.93,1.06,7.08,1.33,6.63,0.07,4.7,184.1,18.41,,,,
32,False,True,True,False,6.0,1,652758,Mussels Marinara,125.9,45,4,http://www.foodista.com/recipe/CTFS3HVP/mussels-marinara,78.59,3.93,0.31,0.47,0.05,0.3,7.46,2.49,6.15,2.24,3.14,3.49,1.14,0.38,672.81,29.25,1.88,3.76,1.31,5.23,0.17,8.65,0.42,21.2,2.81,4.02,257.97,7.37,0.06,3.29,10.02,12.14,46.16,4.62,14.9,3.72,0.24,2.43,22.77,5.69,1.37,7.61,48.56,46.25,0.14,6.9,455.52,9.11,0.49,8.16,,,0.39,2.57,0.77,5.16,0.9,4.52,0.06,4.19,41.74,4.17,6.18,34.33,,
33,True,True,True,False,54.0,2,641443,Detox Orange Carrot Juice,104.27,45,2,https://www.foodista.com/recipe/D6PK6XS4/detox-orange-carrot-juice,218.3,10.92,0.91,1.41,0.16,0.97,53.16,17.72,41.37,15.04,36.2,40.22,0.0,0.0,127.74,5.55,4.39,8.78,11.79,47.16,0.44,22.08,0.43,21.61,1.62,2.31,1118.46,31.96,0.22,12.78,150.83,182.83,106.2,10.62,114.64,28.66,1.17,11.71,53.36,13.34,1.32,7.35,24.31,23.15,0.22,11.2,31161.48,623.23,,,,,0.7,4.68,1.73,11.54,2.65,13.26,0.35,23.48,168.53,16.85,,,,
34,False,True,False,True,78.0,15,661340,Spinach Salad with Strawberry Vinaigrette,338.97,45,1,http://www.foodista.com/recipe/5HT32BN5/spinach-salad-with-strawberry-vinaigrette,321.65,16.08,12.69,19.52,3.61,22.56,29.98,9.99,23.61,8.58,18.83,20.93,55.14,18.38,339.96,14.78,22.04,44.07,6.38,25.51,0.55,27.28,1.57,78.67,19.73,28.19,902.41,25.78,0.46,27.19,105.19,127.5,297.72,29.77,168.82,42.21,1.02,10.23,124.86,31.22,4.4,24.43,294.19,280.18,0.34,17.07,5810.33,116.21,0.4,6.73,,,2.28,15.2,4.32,28.77,6.03,30.15,0.19,12.65,221.46,22.15,,,,
35,False,True,False,False,9.0,6,634605,Beef Cottage Pie,113.45,45,8,https://www.foodista.com/recipe/VDW43TXL/shepherds-pie-cottage-pie,135.04,6.75,5.65,8.69,3.28,20.48,6.89,2.3,5.75,2.09,2.29,2.54,38.79,12.93,275.75,11.99,13.74,27.48,1.14,4.57,0.27,13.44,0.14,6.98,10.83,15.46,330.8,9.45,0.12,7.05,5.03,6.09,145.84,14.58,18.76,4.69,0.51,5.07,21.02,5.25,1.78,9.9,6.32,6.02,0.08,4.16,58.51,1.17,1.29,21.54,,,3.09,20.57,0.5,3.34,3.31,16.55,0.05,3.33,45.5,4.55,,,,
36,False,False,False,True,57.0,1,647124,Homemade Thin Crust Pizza + Pesto + Potato,199.57,45,6,http://www.foodista.com/recipe/X27TPBXD/homemade-thin-crust-pizza-pesto-potato,682.35,34.12,40.99,63.06,8.31,51.92,64.16,21.39,58.56,21.29,4.25,4.72,15.11,5.04,1065.4,46.32,15.14,30.27,5.6,22.39,0.34,16.86,0.83,41.26,25.33,36.18,344.33,9.84,0.67,39.42,96.59,117.08,160.1,16.01,281.43,70.36,1.21,12.08,49.12,12.28,4.46,24.79,56.13,53.46,0.24,11.88,2832.34,56.65,,,,,1.31,8.74,7.39,49.28,7.12,35.59,1.12,74.83,201.23,20.12,,,,
37,True,True,False,False,17.0,1,658495,Roasted Asparagus with Egg Salad,217.78,45,2,https://www.foodista.com/recipe/6BW2BVY4/roasted-asparagus-with-egg-salad,223.2,11.16,15.92,24.5,5.22,32.64,10.61,3.54,4.82,1.75,3.66,4.07,201.13,67.04,269.46,11.72,12.16,24.33,5.79,23.17,0.4,20.21,0.28,14.2,20.44,29.21,584.69,16.71,0.58,34.21,18.35,22.24,240.81,24.08,128.83,32.21,1.93,19.32,41.56,10.39,3.63,20.15,117.75,112.14,0.34,16.86,1601.17,32.02,0.73,12.2,1.07,7.12,2.06,13.73,2.79,18.61,2.17,10.85,0.23,15.32,150.39,15.04,,,,
38,True,False,False,False,9.0,1,649300,Latkes; Fried Vegetable Pancakes from Europe and the Middle East,58.55,45,2,https://www.foodista.com/recipe/HL3CWK8N/latkes-fried-vegetable-pancakes-from-europe-and-the-middle-east,248.32,12.42,5.51,8.48,2.53,15.83,43.05,14.35,38.35,13.95,2.45,2.72,92.12,30.71,142.82,6.21,7.41,14.82,4.7,18.81,0.5,25.21,0.65,32.42,13.45,19.21,823.64,23.53,0.24,14.02,17.88,21.67,158.42,15.84,79.51,19.88,1.0,10.01,43.87,10.97,2.2,12.2,10.12,9.64,0.24,12.13,281.96,5.64,0.21,3.49,0.49,3.28,0.97,6.49,0.96,6.41,2.2,10.98,0.27,17.86,56.43,5.64,,,,
39,True,True,True,False,7.0,6,1098357,Three Ingredient Frozen Pina Colada,214.6,5,3,https://www.foodista.com/recipe/DFG678TL/three-ingredient-frozen-pina-colada,320.34,16.02,8.38,12.89,7.15,44.69,39.29,13.1,37.58,13.67,29.69,32.99,0.0,0.0,22.08,0.96,1.93,3.85,1.71,6.83,0.3,15.01,2.05,102.65,,,430.31,12.29,0.07,4.08,59.48,72.09,60.24,6.02,55.52,13.88,0.35,3.46,53.39,13.35,2.13,11.83,1.24,1.18,0.36,18.19,59.93,1.2,,,,,0.58,3.86,,,1.05,5.25,0.19,12.66,52.87,5.29,13.36,74.22,,
40,False,True,False,False,12.0,7,641904,Easy Chicken Tandoori,151.89,45,12,http://www.foodista.com/recipe/X8BXB6WT/easy-chicken-tandoori,187.62,9.38,8.82,13.58,2.88,18.0,16.25,5.42,11.7,4.25,10.41,11.56,28.05,9.35,43.35,1.88,11.23,22.46,4.56,18.23,0.35,17.38,0.28,14.24,7.12,10.17,599.42,17.13,0.14,8.18,32.65,39.57,135.03,13.5,40.85,10.21,0.61,6.14,34.41,8.6,1.96,10.9,15.28,14.55,0.15,7.4,7768.03,155.36,0.24,3.96,,,0.96,6.41,1.1,7.3,3.64,18.18,0.12,7.84,108.23,10.82,,,,
41,True,False,False,False,1.0,1,657875,Raspberry Jam Swirled Buns,28.09,45,30,https://www.foodista.com/recipe/58JLC2FZ/raspberry-jam-swirled-buns,187.02,9.35,6.5,10.01,4.46,27.87,28.23,9.41,27.42,9.97,8.42,9.35,27.52,9.17,71.83,3.12,3.77,7.54,0.81,3.23,0.03,1.59,0.16,8.22,10.45,14.93,65.76,1.88,0.19,10.98,1.01,1.22,54.13,5.41,52.27,13.07,0.29,2.87,8.01,2.0,1.23,6.85,1.17,1.11,0.05,2.7,105.31,2.11,0.13,2.15,0.36,2.38,0.32,2.16,0.28,1.88,1.47,7.36,0.22,14.49,27.96,2.8,,,,
42,True,True,False,False,2.0,8,655098,Peach Coconut Ice Cream,72.45,45,14,https://www.foodista.com/recipe/SWTCJPT6/peach-coconut-ice-cream,187.87,9.39,13.92,21.42,11.67,72.94,16.59,5.53,15.46,5.62,13.45,14.94,6.4,2.13,14.32,0.62,2.31,4.61,1.13,4.5,0.04,2.05,0.47,23.46,,,286.29,8.18,0.05,2.96,5.66,6.86,84.3,8.43,11.23,2.81,0.25,2.49,33.81,8.45,2.02,11.23,2.17,2.07,0.18,8.8,305.69,6.11,,,,,0.52,3.5,0.6,4.03,0.97,4.84,0.04,2.41,32.64,3.26,,,,
43,False,False,False,False,44.0,1,622825,Tortilla Burger Loco Vaca,407.86,40,2,https://spoonacular.com/-1418388808652,1114.97,55.75,82.8,127.38,28.1,175.63,41.91,13.97,29.51,10.73,8.28,9.2,188.89,62.96,1024.7,44.55,51.74,103.49,12.4,49.62,1.32,66.06,0.36,17.89,42.01,60.02,1387.14,39.63,0.61,35.74,109.36,132.56,559.02,55.9,143.35,35.84,3.02,30.19,91.32,22.83,6.94,38.53,30.41,28.97,0.38,18.99,2686.49,53.73,4.64,77.35,0.48,3.19,10.38,69.2,4.61,30.71,12.82,64.12,0.35,23.42,281.97,28.2,,,,
44,False,False,False,False,0.0,1,1095774,Moist and Tender Lemon Cake,68.21,35,24,https://www.foodista.com/recipe/NX8V4YNX/moist-and-tender-lemon-cake,285.19,14.26,11.85,18.24,7.27,45.42,42.8,14.27,42.21,15.35,32.09,35.66,67.8,22.6,114.48,4.98,2.88,5.76,0.59,2.36,0.03,1.59,0.09,4.62,7.91,11.3,44.7,1.28,0.12,7.21,4.77,5.78,41.56,4.16,29.41,7.35,0.25,2.54,5.08,1.27,0.85,4.73,,,0.03,1.55,373.76,7.48,0.12,1.99,0.41,2.72,0.25,1.66,0.43,2.84,0.76,3.81,0.11,7.12,18.52,1.85,,,,
45,False,False,False,False,2.0,0,715473,Easy Lemon Bundt Cake,92.09,55,6,http://www.pinkwhen.com/easy-lemon-bundt-cake-recipe/2,481.65,24.08,33.7,51.85,26.24,163.97,44.15,14.72,43.23,15.72,29.57,32.86,109.87,36.62,123.04,5.35,4.3,8.61,0.91,3.66,0.06,2.93,0.16,8.15,10.6,15.14,87.58,2.5,0.16,9.23,,,76.11,7.61,16.76,4.19,0.51,5.12,8.43,2.11,0.81,4.48,6.86,6.53,0.07,3.58,170.55,3.41,0.29,4.91,0.68,4.56,0.53,3.5,1.38,9.17,,,0.02,1.5,28.05,2.8,,,5.9,1.97
46,False,False,False,False,49.0,1,1096242,Chicken Stew with a Herb Crust,488.56,85,4,https://www.foodista.com/recipe/WNKY8HY6/chicken-stew-with-a-herb-crust,777.06,38.85,33.6,51.69,11.26,70.38,54.19,18.06,46.72,16.99,18.76,20.84,201.38,67.13,1418.73,61.68,55.79,111.57,7.48,29.91,1.3,64.95,1.02,51.07,60.2,85.99,1371.19,39.18,0.77,45.04,30.06,36.44,743.5,74.35,125.46,31.37,3.05,30.47,126.27,31.57,5.14,28.58,129.27,123.12,0.5,24.95,1612.01,32.24,1.58,26.33,0.23,1.53,4.93,32.88,3.25,21.64,15.87,79.35,0.54,35.94,491.8,49.18,5.15,28.61,,
47,False,False,False,False,2.0,13,640827,Crispy Pineapple Fritters,32.39,45,12,https://www.foodista.com/recipe/55RR2VX3/crispy-pineapple-fritters,120.43,6.02,2.72,4.18,0.58,3.62,21.11,7.04,19.74,7.18,8.2,9.11,14.66,4.89,136.38,5.93,3.29,6.59,1.37,5.48,0.06,3.23,0.16,7.93,6.36,9.09,142.94,4.08,0.12,6.89,4.44,5.38,69.61,6.96,25.41,6.35,0.19,1.88,15.67,3.92,1.07,5.97,2.2,2.1,0.1,4.9,59.89,1.2,0.13,2.18,0.21,1.37,0.37,2.47,0.27,1.82,1.29,6.47,0.22,14.66,63.4,6.34,,,,
48,False,False,False,False,43.0,1,650126,Linguine E Americana,201.03,45,4,http://www.foodista.com/recipe/HK5RM88Z/linguine-e-americana,627.58,31.38,9.5,14.61,3.09,19.29,106.45,35.48,99.55,36.2,13.98,15.54,16.88,5.63,918.04,39.91,26.9,53.79,6.9,27.59,0.69,34.67,1.26,62.86,81.33,116.18,954.09,27.26,0.45,26.62,100.9,122.3,392.23,39.22,87.87,21.97,0.98,9.76,94.57,23.64,2.83,15.74,15.02,14.3,0.56,27.92,7600.91,152.02,0.1,1.71,,,2.62,17.45,1.82,12.15,8.17,40.86,0.31,20.55,140.9,14.09,,,,
49,False,False,False,False,9.0,2,654953,Pasta with Spicy Sausage & Rapini,143.45,45,8,https://www.foodista.com/recipe/T552585W/pasta-with-spicy-sausage-rapini,505.33,25.27,30.49,46.9,13.15,82.17,34.65,11.55,32.73,11.9,3.12,3.47,80.69,26.9,709.58,30.85,22.38,44.76,1.92,7.67,0.32,15.97,0.5,24.92,32.29,46.13,366.4,10.47,0.25,14.85,5.96,7.22,320.91,32.09,29.05,7.26,0.89,8.87,44.67,11.17,1.81,10.03,47.23,44.98,0.19,9.52,970.56,19.41,0.99,16.49,1.18,7.87,2.92,19.45,0.93,6.17,3.8,19.0,0.25,16.77,251.51,25.15,,,,
50,False,True,True,False,4.0,16911,715419,Slow Cooker Spicy Hot Wings,101.43,14,4,http://www.pinkwhen.com/slow-cooker-spicy-hot-wings/,384.09,19.2,19.76,30.4,5.52,34.49,28.42,9.47,28.16,10.24,27.13,30.14,94.3,31.43,890.48,38.72,22.82,45.63,0.25,1.02,0.52,26.14,0.1,4.84,19.64,28.05,287.91,8.23,0.14,8.16,24.27,29.41,170.44,17.04,7.51,1.88,1.02,10.19,27.2,6.8,1.57,8.73,1.12,1.06,0.08,3.96,416.06,8.32,0.39,6.53,,,1.7,11.36,0.54,3.59,7.42,37.09,0.08,5.0,44.21,4.42,,,,
51,False,False,False,False,0.0,122,721059,Blueberry Almond Crescent Rolls,78.52,45,8,http://www.pinkwhen.com/blueberry-almond-crescent-rolls/,246.74,12.34,11.59,17.82,5.52,34.51,34.48,11.49,34.4,12.51,24.1,26.78,36.43,12.14,283.41,12.32,2.75,5.51,,,,,,,2.69,3.84,38.46,1.1,0.06,3.6,,,31.07,3.11,6.6,1.65,0.18,1.84,,,0.59,3.28,,,,,226.14,4.52,0.1,1.69,0.24,1.63,0.17,1.13,,,,,,,22.75,2.28,,,,
52,False,False,False,False,2.0,16,632101,Almond Butter and Chocolate Squares,92.26,45,16,https://www.foodista.com/recipe/LQ5QNZSC/almond-butter-and-chocolate-squares,359.16,17.96,23.82,36.65,9.15,57.16,36.8,12.27,33.59,12.22,26.75,29.72,17.13,5.71,101.17,4.4,5.33,10.67,3.2,12.82,0.02,1.2,0.37,18.68,1.22,1.74,128.25,3.66,0.18,10.75,,,91.2,9.12,15.06,3.76,,,45.33,11.33,2.34,13.02,1.42,1.35,0.16,8.02,185.49,3.71,,,,,0.57,3.81,3.98,26.52,0.81,4.04,0.04,2.51,86.99,8.7,,,,
53,False,True,False,False,37.0,1,640859,Crock Pot Chili with Beans,97.28,45,12,https://www.foodista.com/recipe/B3R7M7SZ/crock-pot-chili-with-beans,200.25,10.01,5.05,7.77,1.93,12.07,16.31,5.44,11.88,4.32,3.35,3.72,49.5,16.5,341.54,14.85,22.2,44.41,4.43,17.7,0.67,33.64,0.28,14.16,24.5,35.01,613.05,17.52,0.2,11.53,4.69,5.69,258.5,25.85,83.44,20.86,0.55,5.45,48.92,12.23,3.15,17.49,4.37,4.16,0.24,12.2,165.23,3.3,1.45,24.12,,,3.78,25.21,1.11,7.41,6.06,30.32,0.18,12.24,73.99,7.4,,,,
54,False,False,False,False,35.0,82,658357,Rigatoni With Sweet Sausages In Creamy Tomato Sauce,190.36,45,4,https://www.foodista.com/recipe/B88DK7YQ/rigatoni-with-sweet-sausages-in-creamy-tomato-sauce,929.71,46.49,40.33,62.05,12.32,77.01,109.41,36.47,101.15,36.78,18.32,20.35,74.83,24.94,914.69,39.77,33.49,66.98,8.25,33.01,0.83,41.57,1.72,86.07,75.68,108.12,1202.71,34.36,0.4,23.24,23.17,28.08,459.9,45.99,67.59,16.9,1.9,18.99,128.86,32.21,5.93,32.95,30.5,29.05,5.35,267.37,1104.78,22.1,1.0,16.72,1.95,13.0,4.31,28.77,4.65,31.02,8.54,42.69,0.54,36.07,200.25,20.02,,,,
55,False,True,True,True,100.0,3,663845,TROPICAL BANANA GREEN SMOOTHIE,310.01,45,1,https://www.foodista.com/recipe/PJH3CT2M/tropical-banana-green-smoothie,221.12,11.06,2.89,4.44,0.98,6.1,24.86,8.29,19.43,7.07,16.27,18.07,50.0,16.67,345.18,15.01,28.94,57.88,5.43,21.7,0.26,12.96,1.39,69.29,3.08,4.4,1098.25,31.38,0.28,16.39,45.93,55.67,171.14,17.11,133.25,33.31,0.28,2.76,129.57,32.39,4.55,25.26,297.17,283.02,0.24,12.02,5750.11,115.0,,,,,0.67,4.44,1.44,9.58,0.99,4.94,0.17,11.01,222.58,22.26,,,,
56,True,False,False,False,5.0,1,656444,Plum Cake,103.25,45,6,https://www.foodista.com/recipe/LXVZGLQ5/plum-cake,462.53,23.13,26.29,40.44,12.18,76.1,49.98,16.66,47.12,17.13,19.76,21.96,127.49,42.5,175.0,7.61,8.99,17.98,2.87,11.48,0.14,6.87,0.63,31.74,20.09,28.7,268.79,7.68,0.34,20.18,8.57,10.39,146.31,14.63,92.25,23.06,0.72,7.24,33.56,8.39,2.54,14.08,7.57,7.21,0.28,13.78,956.78,19.14,0.25,4.25,0.76,5.08,0.98,6.55,1.03,6.87,2.66,13.32,0.36,23.82,47.81,4.78,,,,
57,True,True,False,False,5.0,1,659412,Saut√©ed Balsamic Green Beans With Cherry Tomatoes,101.81,45,4,https://www.foodista.com/recipe/Q33QTX2N/sauteed-balsamic-green-beans-with-cherry-tomatoes,73.47,3.67,2.34,3.6,0.85,5.3,12.27,4.09,8.76,3.19,6.31,7.01,2.69,0.9,16.81,0.73,2.8,5.6,3.51,14.03,0.23,11.6,0.35,17.75,1.29,1.85,379.7,10.85,0.13,7.83,27.28,33.06,64.04,6.4,44.79,11.2,0.34,3.42,35.26,8.82,1.65,9.18,18.66,17.77,0.13,6.71,1087.25,21.75,,,,,0.39,2.58,0.95,6.35,1.15,5.73,0.12,7.85,55.64,5.56,,,,
58,False,True,False,False,8.0,1,648567,Jerk Grilled Pork Chops,191.47,45,4,http://www.foodista.com/recipe/SJY2HLQB/jerk-grilled-pork-chops,439.98,22.0,32.5,50.0,17.98,112.37,14.14,4.71,7.54,2.74,1.89,2.1,136.98,45.66,413.65,17.98,26.42,52.84,6.6,26.4,0.94,46.77,1.31,65.31,38.68,55.25,609.54,17.42,0.29,17.04,9.33,11.31,301.78,30.18,44.98,11.24,0.88,8.81,69.48,17.37,19.21,106.72,255.97,243.78,0.22,11.01,1538.89,30.78,0.65,10.82,0.88,5.86,2.78,18.52,2.06,13.74,9.96,49.78,0.84,56.31,319.14,31.91,,,,
59,False,True,False,False,24.0,1,660588,Smoked Salmon & Ricotta Wraps,244.88,10,4,http://www.foodista.com/recipe/XKTZLGJY/sophies-smoked-salmon-ricotta-wraps,204.37,10.22,8.15,12.54,3.45,21.57,16.82,5.61,15.89,5.78,1.69,1.88,26.71,8.9,623.83,27.12,15.25,30.5,0.94,3.74,0.18,8.9,0.22,10.89,27.67,39.53,220.07,6.29,0.16,9.52,2.34,2.84,193.81,19.38,56.06,14.01,0.61,6.09,25.66,6.42,1.78,9.87,21.77,20.73,0.17,8.44,576.33,11.53,1.72,28.66,8.54,56.96,0.74,4.93,0.83,5.54,3.52,17.58,0.17,11.3,124.16,12.42,,,,
60,False,True,True,False,7.0,1,652308,Mom's Pork Menudo,34.79,45,8,https://www.foodista.com/recipe/C4WFVHSM/moms-pork-menudo,25.22,1.26,0.19,0.29,0.04,0.22,5.11,1.7,3.82,1.39,2.82,3.13,0.28,0.09,1211.57,52.68,1.32,2.63,1.3,5.19,0.12,6.22,0.13,6.32,,,187.41,5.35,0.05,2.67,24.48,29.68,27.07,2.71,16.5,4.12,0.18,1.78,10.82,2.71,0.48,2.64,3.81,3.63,0.05,2.54,2063.58,41.27,,,,,0.18,1.22,0.63,4.19,0.71,3.53,0.04,2.41,14.06,1.41,,,,
61,True,True,True,False,13.0,1,1095692,Ginger Melon Side Salad ,219.7,10,2,https://www.foodista.com/recipe/VJBSNKJK/ginger-melon-salad-recipe-paleo-aip,254.0,12.7,14.58,22.43,2.07,12.96,32.2,10.73,29.27,10.65,26.71,29.68,0.0,0.0,650.95,28.3,2.54,5.08,2.92,11.69,0.34,17.08,0.18,9.21,2.47,3.53,872.06,24.92,0.07,4.13,70.25,85.16,60.69,6.07,82.52,20.63,0.65,6.52,42.96,10.74,0.99,5.51,20.56,19.58,0.13,6.7,643.14,12.86,,,,,0.46,3.03,2.1,14.01,1.6,8.02,0.15,9.86,31.29,3.13,,,,
62,False,True,True,False,16.0,181,780000,"Chicken Avocado Burger (Whole 30, PALEO, & Simple Fit Forty)",235.04,45,3,http://www.pinkwhen.com/chicken-avocado-burger/,537.7,26.88,42.05,64.69,7.31,45.69,11.09,3.7,4.39,1.6,1.72,1.91,184.59,61.53,310.76,13.51,33.66,67.31,6.7,26.78,0.99,49.37,0.14,7.06,20.26,28.94,1154.21,32.98,0.52,30.72,7.7,9.33,336.89,33.69,65.23,16.31,2.82,28.23,54.29,13.57,2.65,14.74,21.1,20.09,0.24,12.08,179.54,3.59,0.98,16.29,0.29,1.96,2.86,19.09,3.29,21.95,9.62,48.1,0.22,14.78,67.83,6.78,,,,
63,False,False,False,False,28.0,3,633884,Baked Ziti Or Rigatoni,260.07,45,4,http://www.foodista.com/recipe/LJ86FGZ5/baked-ziti-or-rigatoni,867.46,43.37,31.23,48.05,18.01,112.58,100.96,33.65,94.12,34.22,13.1,14.56,144.18,48.06,1690.68,73.51,45.77,91.55,6.84,27.38,0.46,23.0,1.3,64.85,101.93,145.62,1138.11,32.52,0.65,38.14,15.01,18.19,703.9,70.39,66.33,16.58,1.65,16.54,121.5,30.38,4.56,25.32,8.73,8.31,0.62,30.85,1892.82,37.86,1.83,30.45,0.69,4.6,5.23,34.87,3.52,23.49,4.21,21.06,0.19,12.75,638.24,63.82,,,,
64,False,False,False,False,26.0,1,633523,Baked Chicken Cordon Bleu,249.93,45,2,https://www.foodista.com/recipe/MLXLRZ4T/baked-chicken-cordon-bleu,499.88,24.99,18.51,28.48,7.32,45.77,20.99,7.0,19.23,6.99,1.83,2.03,178.75,59.58,1263.14,54.92,58.97,117.93,1.77,7.06,1.88,93.94,0.38,19.19,86.41,123.45,1028.03,29.37,0.43,25.03,4.9,5.94,607.47,60.75,40.33,10.08,3.56,35.59,80.44,20.11,2.81,15.61,5.56,5.29,0.18,8.86,761.04,15.22,0.78,12.96,0.54,3.6,2.52,16.77,1.06,7.07,26.87,134.35,0.58,38.84,105.7,10.57,,,,
65,False,True,True,False,10.0,5,635263,Blackened Cajun Chicken,168.5,45,4,http://www.foodista.com/recipe/6Y5FNTJW/blackened-cajun-chicken,446.66,22.33,29.95,46.08,8.33,52.08,6.5,2.17,5.11,1.86,3.35,3.72,142.88,47.63,1592.24,69.23,36.65,73.3,1.39,5.57,0.75,37.43,0.24,11.88,31.61,45.16,469.51,13.41,0.27,15.66,3.88,4.7,313.37,31.34,17.01,4.25,1.81,18.1,55.41,13.85,3.41,18.93,7.61,7.24,0.14,7.18,1362.03,27.24,0.59,9.84,0.38,2.54,2.81,18.74,1.38,9.2,13.34,66.69,0.15,10.02,52.29,5.23,,,,
66,False,True,False,False,1.0,1,663885,Truffle Linguine With Tomatoes and Pancetta,11.09,45,24,https://www.foodista.com/recipe/4SV7LHKX/truffle-linguine-with-tomatoes-and-pancetta,10.3,0.51,0.24,0.37,0.12,0.74,1.57,0.52,1.38,0.5,0.55,0.61,1.2,0.4,37.7,1.64,0.54,1.09,,,0.03,1.51,0.02,1.12,,,49.5,1.41,,,1.09,1.32,16.72,1.67,,,,,,,,,1.98,1.88,,,2422.44,48.45,,,,,,,,,,,,,,,,,,
67,False,True,False,False,15.0,0,1416203,Tater Tot Chili Cheese Casserole,81.27,40,6,https://www.pinkwhen.com/tater-tot-chili-cheese-casserole/,171.42,8.57,10.03,15.43,4.65,29.06,15.42,5.14,13.86,5.04,2.85,3.17,19.77,6.59,304.07,13.22,6.47,12.93,1.56,6.24,0.32,15.84,0.15,7.27,2.87,4.1,292.52,8.36,0.13,7.59,75.05,90.97,151.21,15.12,29.82,7.46,0.3,3.05,23.6,5.9,0.87,4.83,8.98,8.55,0.1,5.07,666.42,13.33,0.16,2.61,,,0.84,5.57,0.5,3.35,1.24,6.19,0.08,5.16,148.34,14.83,,,,
68,True,False,False,False,0.0,1,658823,Rosewater Lavender Shortbread,16.43,45,36,https://www.foodista.com/recipe/K5GVBMMF/rosewater-lavender-shortbread,132.63,6.63,6.65,10.24,4.09,25.55,16.86,5.62,16.55,6.02,5.59,6.21,25.82,8.61,4.91,0.21,1.47,2.93,0.31,1.25,,,0.07,3.71,4.49,6.42,,,0.07,3.9,,,18.42,1.84,20.44,5.11,,,,,0.56,3.13,,,0.02,1.01,210.07,4.2,,,0.17,1.1,,,0.21,1.42,0.62,3.1,0.08,5.54,,,,,,
69,True,True,True,False,11.0,0,673436,Chicken with Avocado Peach Salsa,90.2,45,6,http://www.pinkwhen.com/chicken-with-avocado-peach-salsa/,116.36,5.82,5.23,8.05,0.74,4.62,18.51,6.17,14.25,5.18,13.91,15.45,0.0,0.0,9.27,0.4,1.91,3.82,4.26,17.02,0.13,6.38,0.14,6.98,,,415.44,11.87,0.09,5.06,12.92,15.66,45.03,4.5,33.95,8.49,0.67,6.71,22.12,5.53,0.54,2.99,11.71,11.15,0.15,7.72,475.38,9.51,,,,,0.45,3.0,1.62,10.77,1.61,8.04,0.06,3.75,14.21,1.42,,,,
70,False,True,True,False,9.0,34,633651,Baked Honey Sriracha Chicken Wings,190.73,45,4,http://www.foodista.com/recipe/VK2D4Q2P/baked-honey-sriracha-chicken-wings,506.24,25.31,31.78,48.9,7.94,49.65,25.69,8.56,24.27,8.83,18.08,20.09,117.88,39.29,716.16,31.14,29.78,59.57,1.41,5.66,0.68,34.14,0.99,49.68,26.84,38.34,420.95,12.03,0.17,10.1,15.78,19.13,241.38,24.14,12.92,3.23,1.3,13.0,41.95,10.49,2.65,14.75,10.94,10.41,0.14,7.06,389.27,7.79,0.5,8.41,0.15,1.02,2.42,16.1,1.59,10.58,9.67,48.34,0.11,7.53,48.25,4.83,,,,
71,False,True,True,False,1.0,1,640351,"Cranberry ""Cupcakes",31.8,45,24,https://www.foodista.com/recipe/4NZQC35J/cranberry-cupcakes,94.91,4.75,2.19,3.36,0.21,1.28,18.93,6.31,18.04,6.56,17.5,19.45,0.0,0.0,38.89,1.69,1.23,2.45,0.9,3.58,0.04,2.05,0.13,6.29,0.79,1.12,57.15,1.63,0.02,1.1,2.99,3.62,24.86,2.49,5.0,1.25,,,9.77,2.44,0.22,1.23,,,0.09,4.55,,,,,,,,,0.2,1.32,,,0.04,2.63,,,,,,
72,True,True,True,False,49.0,1,642154,"EASY, CUMIN-LENTIL SPREAD",29.56,45,4,https://www.foodista.com/recipe/HPRFDP7P/easy-cumin-lentil-spread,123.14,6.16,5.58,8.59,0.49,3.09,13.22,4.41,8.11,2.95,1.44,1.6,0.0,0.0,297.48,12.93,6.88,13.76,5.1,20.41,0.24,12.01,0.52,25.88,6.79,9.7,289.38,8.27,0.08,4.58,3.74,4.53,163.46,16.35,116.39,29.1,0.45,4.49,56.17,14.04,3.02,16.77,32.49,30.94,0.32,16.22,183.74,3.67,,,,,1.21,8.1,3.62,24.15,1.44,7.19,0.24,16.11,32.02,3.2,,,,
73,True,False,True,False,2.0,1,644867,Gluten-Free Baked Oatmeal,23.82,45,10,http://www.foodista.com/recipe/V77VJRHB/gluten-free-baked-oatmeal,182.67,9.13,7.92,12.19,5.02,31.35,25.15,8.38,23.37,8.5,11.94,13.26,37.24,12.41,109.18,4.75,3.65,7.29,1.79,7.14,0.04,1.98,0.64,31.99,8.04,11.49,91.26,2.61,0.08,4.69,,,98.68,9.87,12.55,3.14,0.37,3.68,25.18,6.29,1.01,5.64,1.89,1.8,0.08,3.98,54.67,1.09,0.1,1.62,0.2,1.33,0.74,4.92,0.39,2.59,0.3,1.48,0.09,6.02,30.63,3.06,,,,
74,True,False,False,False,0.0,1,634816,Beignets,19.0,45,24,http://www.foodista.com/recipe/LBXNPWKM/beignets,138.41,6.92,9.8,15.07,5.2,32.5,11.94,3.98,11.88,4.32,10.46,11.62,47.62,15.87,127.05,5.52,1.2,2.39,,,,,,,3.04,4.35,,,0.05,2.83,,,18.87,1.89,7.18,1.79,0.13,1.31,,,0.22,1.24,1.69,1.61,,,275.99,5.52,0.08,1.36,0.29,1.92,,,0.54,3.61,,,0.02,1.21,,,,,,
75,False,True,True,True,100.0,1,657747,Rainbow trout with basil pea puree,251.32,45,2,https://www.foodista.com/recipe/FZVFGBN4/rainbow-trout-with-basil-pea-puree,189.32,9.47,1.11,1.71,0.2,1.23,34.91,11.64,23.0,8.36,12.86,14.29,0.3,0.1,109.01,4.74,12.29,24.57,11.91,47.64,0.42,21.21,0.95,47.6,4.36,6.22,588.09,16.8,0.3,17.86,95.55,115.82,246.11,24.61,145.31,36.33,0.29,2.87,76.07,19.02,3.44,19.13,59.06,56.25,0.41,20.42,2145.3,42.91,,,,,2.78,18.52,0.64,4.29,4.72,23.62,0.59,39.51,67.31,6.73,,,,
76,False,True,True,False,2.0,4,663950,Tuna Stuffed Hard-Boiled Eggs,31.27,45,12,https://www.foodista.com/recipe/XHLTSP76/tuna-stuffed-hard-boiled-eggs,52.94,2.65,2.35,3.62,0.74,4.59,2.22,0.74,1.89,0.69,0.67,0.74,86.94,28.98,69.2,3.01,5.85,11.69,0.34,1.35,0.1,5.04,0.03,1.5,16.79,23.98,93.02,2.66,0.12,7.07,3.43,4.15,71.04,7.1,16.23,4.06,0.43,4.28,9.09,2.27,0.76,4.24,27.82,26.49,0.03,1.55,729.78,14.6,0.56,9.28,0.61,4.07,0.45,3.01,0.32,2.11,1.61,8.07,0.02,1.59,18.85,1.88,,,,
77,False,True,False,True,55.0,1,644711,Gingered Roast Beef,330.1,45,8,http://www.foodista.com/recipe/6NMBV7Q6/gingered-roast-beef,399.1,19.96,15.9,24.46,5.91,36.95,4.93,1.64,4.37,1.59,2.24,2.48,148.14,49.38,474.37,20.62,51.02,102.04,0.56,2.25,1.56,78.14,0.12,5.84,63.1,90.14,855.01,24.43,0.38,22.37,24.2,29.33,500.52,50.05,33.09,8.27,1.04,10.43,60.65,15.16,4.9,27.25,6.24,5.94,0.26,12.9,197.61,3.95,4.2,70.03,,,9.51,63.41,1.13,7.5,15.61,78.05,0.23,15.63,50.5,5.05,2.87,15.94,,
78,False,False,False,False,21.0,9,661531,Steak with lemon and capers,646.43,45,2,http://www.foodista.com/recipe/JKGPWDDP/steak-with-lemon-and-capers,949.39,47.47,54.35,83.62,21.83,136.43,51.89,17.3,49.76,18.09,1.2,1.33,152.1,50.7,1320.84,57.43,47.32,94.64,2.13,8.51,0.91,45.64,0.62,31.17,70.77,101.1,693.76,19.82,0.82,48.32,2.94,3.56,381.32,38.13,124.57,31.14,0.36,3.59,69.35,17.34,6.9,38.36,17.17,16.35,0.3,14.78,402.16,8.04,3.34,55.73,0.41,2.73,10.89,72.59,2.46,16.39,13.67,68.35,0.68,45.38,46.04,4.6,9.27,51.5,,
79,False,False,False,False,1.0,22,641896,Easy Chicken Cordon Bleu,24.39,45,8,https://www.foodista.com/recipe/PW5QGG6L/easy-chicken-cordon-bleu,107.42,5.37,4.76,7.32,2.63,16.43,11.02,3.67,10.49,3.81,0.51,0.56,34.96,11.65,197.57,8.59,4.84,9.68,0.53,2.13,0.03,1.72,0.13,6.35,7.74,11.05,42.99,1.23,0.13,7.55,,,77.94,7.79,26.06,6.52,0.21,2.14,8.12,2.03,0.87,4.83,,,0.04,1.86,144.44,2.89,0.16,2.6,0.2,1.3,0.51,3.43,,,1.0,4.98,0.13,8.99,78.96,7.9,,,,
80,True,True,False,True,61.0,1,650484,Luscious Palak Paneer,557.85,30,2,http://www.foodista.com/recipe/WKQQKG5K/luscious-palak-paneer,559.61,27.98,43.48,66.89,18.45,115.31,24.71,8.24,16.22,5.9,7.33,8.15,74.25,24.75,581.1,25.27,22.16,44.33,8.49,33.95,0.51,25.61,2.78,138.91,3.0,4.28,1193.88,34.11,0.33,19.31,67.1,81.34,136.81,13.68,313.5,78.38,0.28,2.75,146.03,36.51,5.65,31.39,731.52,696.68,0.33,16.55,14701.5,294.03,,,,,1.26,8.39,9.28,61.85,1.77,8.87,0.19,12.85,751.79,75.18,,,,
81,False,True,True,False,2.0,392,639116,Chocolate nut spread,48.41,45,20,http://www.foodista.com/recipe/5LCS4346/chocolate-nut-spread,156.27,7.81,11.77,18.11,2.66,16.64,12.19,4.06,9.55,3.47,8.34,9.27,0.68,0.23,11.8,0.51,3.45,6.9,2.64,10.56,0.08,3.96,0.7,34.84,,,171.65,4.9,0.09,5.33,,,74.57,7.46,14.67,3.67,0.17,1.67,42.93,10.73,0.9,5.02,1.16,1.11,0.29,14.45,,,,,,,0.56,3.76,2.8,18.66,0.52,2.62,0.07,4.54,47.5,4.75,,,,
82,False,True,False,False,44.0,27,640136,Corned Beef And Cabbage With Irish Mustard Sauce,538.94,270,6,http://www.foodista.com/recipe/B8Z4H57G/corned-beef-and-cabbage-with-mustard-sauce,834.54,41.73,49.15,75.61,16.23,101.45,45.67,15.22,36.88,13.41,10.56,11.73,233.48,77.83,3951.97,171.82,51.46,102.92,8.8,35.19,1.63,81.26,0.69,34.38,62.82,89.74,1983.21,56.66,0.65,38.16,184.42,223.54,533.06,53.31,141.39,35.35,2.82,28.17,109.85,27.46,7.98,44.35,275.76,262.63,0.58,29.11,3104.57,62.09,5.5,91.73,0.36,2.4,9.73,64.87,0.63,4.21,13.34,66.72,0.4,26.54,141.72,14.17,,,,
83,False,False,False,False,5.0,0,45945,Oeufs En Meurette,209.85,328,4,http://www.foodista.com/recipe/4T8W6LMP/oeufs-en-meurette,251.21,12.56,15.61,24.01,8.17,51.05,19.16,6.39,16.11,5.86,3.72,4.13,191.06,63.69,394.04,17.13,9.2,18.39,3.05,12.21,0.29,14.36,0.46,23.17,19.31,27.59,303.57,8.67,0.3,17.54,5.56,6.74,150.71,15.07,66.26,16.56,0.89,8.9,31.22,7.8,4.89,27.16,23.25,22.15,0.13,6.58,831.68,16.63,0.45,7.57,1.08,7.23,0.99,6.6,0.84,5.61,1.51,7.56,0.15,10.13,124.54,12.45,,,,
84,False,True,False,False,3.0,1,649596,Lemon Curd Custard Ice Cream,227.72,45,4,http://www.foodista.com/recipe/XTCNX2JS/lemon-curd-custard-ice-cream,824.83,41.24,58.04,89.29,34.5,215.6,67.58,22.53,67.17,24.43,60.56,67.29,418.29,139.43,283.14,12.31,11.13,22.25,0.41,1.64,0.17,8.35,0.03,1.38,19.49,27.85,240.07,6.86,0.4,23.45,20.54,24.9,221.3,22.13,49.39,12.35,1.32,13.24,18.36,4.59,1.07,5.96,4.35,4.15,0.06,2.92,1989.98,39.8,0.9,14.99,2.24,14.94,1.23,8.2,2.08,13.9,,,0.08,5.62,148.26,14.83,0.34,1.91,,
85,True,True,False,False,5.0,1,634798,Beet Slaw,104.01,45,15,http://www.foodista.com/recipe/HJTDBGBT/beet-slaw,93.37,4.67,3.98,6.12,1.87,11.71,11.57,3.86,8.58,3.12,6.8,7.55,5.22,1.74,236.79,10.3,3.22,6.43,3.0,11.98,0.09,4.29,0.22,11.04,0.91,1.3,258.71,7.39,0.08,4.45,9.15,11.09,61.55,6.16,50.81,12.7,0.22,2.21,18.08,4.52,0.89,4.93,1.98,1.88,0.15,7.43,160.03,3.2,,,,,0.34,2.25,0.34,2.27,0.35,1.77,0.03,2.07,37.69,3.77,,,,
86,False,True,True,False,0.0,1,632286,Amaretto Chocolate Cookies,39.48,45,24,http://www.foodista.com/recipe/YTJYWWW7/amaretto-chocolate-cookies,103.48,5.17,6.62,10.19,1.5,9.37,9.95,3.32,8.64,3.14,7.77,8.63,0.0,0.0,7.29,0.32,2.62,5.23,1.31,5.24,,,0.03,1.52,0.94,1.34,,,0.03,1.87,,,,,,,,,7.07,1.77,0.52,2.89,,,0.04,1.76,,,,,,,,,,,,,,,21.36,2.14,0.3,1.68,4.01,1.34
87,False,True,False,False,1.0,1,639168,Chocolate Popcorn,57.69,45,24,https://www.foodista.com/recipe/6844ZDSG/chocolate-popcorn,281.21,14.06,15.39,23.67,7.06,44.14,35.08,11.69,33.7,12.25,26.84,29.83,16.38,5.46,305.29,13.27,2.9,5.81,1.38,5.52,0.06,2.98,0.17,8.34,2.24,3.19,121.05,3.46,0.03,1.79,,,79.58,7.96,9.47,2.37,0.18,1.8,39.92,9.98,1.04,5.8,4.71,4.49,0.28,13.84,208.65,4.17,,,,,0.88,5.89,0.51,3.38,0.31,1.54,0.03,2.2,30.35,3.03,,,,
88,False,False,False,False,1.0,9,1045245,How to make the perfect Chocolate Chip Eggnog Bars,60.46,45,9,https://www.pinkwhen.com/chocolate-chip-eggnog-bars/,281.61,14.08,20.25,31.16,10.94,68.4,22.34,7.45,21.33,7.76,15.97,17.75,64.04,21.35,166.68,7.25,3.84,7.67,1.01,4.02,0.02,1.17,0.21,10.32,3.76,5.37,127.65,3.65,0.09,5.56,,,79.51,7.95,17.34,4.33,0.32,3.25,24.1,6.02,2.03,11.28,5.34,5.08,0.15,7.66,540.79,10.82,0.16,2.68,0.43,2.86,0.55,3.69,0.74,4.95,0.48,2.41,0.04,2.46,46.0,4.6,,,7.81,2.6
89,False,True,False,False,49.0,2,644306,Garlic Lime Grilled Chicken Salad,253.34,30,4,http://www.foodista.com/recipe/2HFYQSNY/garlic-lime-grilled-chicken-salad,438.78,21.94,12.84,19.75,2.29,14.33,38.64,12.88,28.86,10.49,6.2,6.89,109.81,36.6,647.92,28.17,44.54,89.09,9.79,39.14,1.64,81.94,0.52,26.23,56.25,80.36,1236.59,35.33,0.33,19.52,109.6,132.85,520.73,52.07,155.4,38.85,3.09,30.85,117.87,29.47,3.17,17.63,10.77,10.25,0.25,12.62,2051.88,41.04,0.35,5.87,0.18,1.17,2.3,15.33,2.49,16.59,19.77,98.84,0.38,25.45,73.72,7.37,,,,
90,False,False,False,False,2.0,1,638790,Choco-Banana Bread Bites,30.92,15,36,https://www.foodista.com/recipe/V7K6PLSY/how-to-bakeover-your-back-to-school-routine,183.24,9.16,5.94,9.13,2.86,17.86,29.02,9.67,27.9,10.14,9.29,10.32,8.2,2.73,107.75,4.68,3.51,7.02,1.13,4.51,0.06,3.13,0.26,13.0,8.54,12.19,119.5,3.41,0.08,4.51,1.05,1.27,60.97,6.1,16.84,4.21,0.21,2.14,15.24,3.81,0.7,3.91,1.7,1.62,0.09,4.38,,,,,,,0.34,2.27,0.2,1.36,0.65,3.27,0.06,3.91,32.52,3.25,,,,
91,False,True,True,True,92.0,7,651977,Mini Stuffed Mexican Bell Peppers,641.51,45,4,http://www.foodista.com/recipe/38MTWCZ5/mini-stuffed-mexican-bell-peppers,445.41,22.27,5.15,7.93,0.76,4.74,71.53,23.84,45.13,16.41,39.91,44.34,38.98,12.99,737.29,32.06,29.53,59.05,26.4,105.6,3.16,158.06,1.24,62.21,18.27,26.1,2296.26,65.61,0.89,52.42,1057.6,1281.94,464.5,46.45,419.13,104.78,3.44,34.42,155.61,38.9,7.76,43.08,46.4,44.19,0.35,17.74,28434.36,568.69,0.36,6.02,0.28,1.89,3.91,26.08,14.41,96.1,16.19,80.97,0.6,39.89,126.57,12.66,,,,
92,False,True,False,True,62.0,1,1096005,Mexican Lettuce Wraps & Spanish Rice,463.3,30,4,https://www.foodista.com/recipe/8Z634XVZ/mexican-lettuce-wraps-spanish-rice,891.36,44.57,36.13,55.59,7.8,48.75,97.64,32.55,84.84,30.85,7.47,8.3,92.79,30.93,1571.15,68.31,50.26,100.52,12.79,51.17,2.07,103.36,4.13,206.25,36.48,52.12,1450.25,41.44,0.41,24.35,21.26,25.76,762.73,76.27,126.15,31.54,3.48,34.76,232.04,58.01,5.71,31.75,53.85,51.29,0.67,33.46,8364.07,167.28,0.84,14.0,0.65,4.34,5.85,38.97,6.02,40.15,20.49,102.46,0.73,48.94,245.61,24.56,,,,
93,True,True,True,False,4.0,2,658665,Roasted Strawberry Coconut Milk Ice Cream,143.71,45,8,http://www.foodista.com/recipe/D4MHTG6V/roasted-strawberry-coconut-milk-ice-cream,213.21,10.66,20.6,31.69,18.07,112.96,8.7,2.9,7.53,2.74,4.27,4.74,0.0,0.0,13.02,0.57,2.32,4.64,1.17,4.68,0.05,2.68,0.99,49.37,,,298.28,8.52,,,34.32,41.6,105.51,10.55,26.98,6.74,0.22,2.17,51.59,12.9,3.4,18.9,1.25,1.19,0.24,12.04,,,,,,,0.62,4.16,0.16,1.1,0.83,4.14,0.03,2.32,26.76,2.68,,,,
94,True,False,False,False,2.0,2,662895,Tarte aux Pommes,127.03,45,6,http://www.foodista.com/recipe/V5BRR7XP/tarte-aux-pommes,406.67,20.33,23.77,36.57,11.96,74.73,46.09,15.36,41.02,14.91,24.91,27.68,108.9,36.3,155.34,6.75,4.88,9.76,5.08,20.31,0.13,6.33,0.2,9.94,6.39,9.13,281.18,8.03,0.21,12.16,8.61,10.44,94.33,9.43,33.83,8.46,0.56,5.6,18.51,4.63,1.27,7.04,7.39,7.03,0.09,4.33,760.86,15.22,0.2,3.37,0.57,3.81,0.48,3.22,1.03,6.88,0.97,4.83,0.12,8.23,55.35,5.54,0.23,1.27,,
95,False,True,True,False,9.0,1,632084,Allergy-Free Stuffed Portobello Mushrooms,138.47,45,4,https://www.foodista.com/recipe/5NPLH54X/serve-allergen-free-menus-to-family-and-guests,87.75,4.39,6.05,9.31,2.28,14.26,7.29,2.43,4.81,1.75,3.75,4.17,1.05,0.35,124.16,5.4,3.16,6.33,2.48,9.92,0.23,11.45,0.15,7.69,17.51,25.02,463.17,13.23,0.2,11.67,29.18,35.37,119.28,11.93,50.4,12.6,1.24,12.37,9.54,2.38,0.85,4.74,54.68,52.07,0.31,15.74,856.1,17.12,0.06,1.07,0.28,1.85,0.7,4.64,1.08,7.19,4.59,22.96,0.09,6.05,28.08,2.81,,,,
96,True,True,False,False,4.0,1,636062,Breakfast Porridge,121.34,45,6,http://www.foodista.com/recipe/8Y66RK4W/breakfast-porridge,346.09,17.3,13.01,20.01,5.07,31.68,52.76,17.59,50.15,18.24,38.44,42.72,129.97,43.32,257.45,11.19,7.55,15.09,2.61,10.43,0.24,12.17,1.31,65.59,16.58,23.69,510.46,14.58,0.32,19.08,,,166.25,16.63,24.39,6.1,0.89,8.89,77.72,19.43,2.54,14.12,1.18,1.12,0.3,15.21,382.23,7.64,0.28,4.63,0.62,4.13,1.53,10.17,0.43,2.89,0.67,3.33,0.1,6.94,103.44,10.34,,,,
97,True,True,True,False,2.0,1,655282,Peanut Butter Cookies with Flax Seeds and Chocolate,18.14,45,24,https://www.foodista.com/recipe/KPVL5L73/peanut-butter-cookies-with-flax-seeds-and-chocolate,118.98,5.95,7.88,12.13,2.14,13.4,9.87,3.29,8.35,3.04,7.47,8.3,6.93,2.31,101.72,4.42,3.53,7.06,1.52,6.08,0.07,3.56,0.27,13.67,1.89,2.7,112.97,3.23,0.03,1.56,,,64.59,6.46,10.34,2.58,0.17,1.75,31.97,7.99,0.77,4.28,,,0.14,6.92,,,,,,,0.53,3.56,1.01,6.75,1.54,7.68,0.04,2.57,12.88,1.29,,,,
98,False,True,False,False,21.0,7,643150,Fluffy frittata with spinach,155.49,45,4,http://www.foodista.com/recipe/Z3SVPNCV/fluffy-frittata-with-spinach,279.35,13.97,20.19,31.06,7.54,47.13,5.22,1.74,3.51,1.27,0.89,0.99,348.71,116.24,485.4,21.1,19.64,39.28,1.71,6.85,0.33,16.34,0.72,36.21,34.28,48.97,562.73,16.08,0.62,36.73,20.15,24.42,318.45,31.84,181.81,45.45,1.51,15.1,74.4,18.6,3.71,20.63,342.37,326.07,0.18,8.76,7242.91,144.86,0.99,16.46,1.86,12.42,2.12,14.14,3.15,21.03,0.65,3.23,0.1,6.77,285.55,28.56,,,,
99,False,True,False,False,38.0,2,661522,Steak With Blue Cheese Sherry Sauce,175.88,45,2,http://www.foodista.com/recipe/J8RVH7KB/steak-with-blue-cheese-sherry-sauce,368.21,18.41,22.11,34.02,5.64,35.24,0.64,0.21,0.64,0.23,0.2,0.22,100.11,33.37,244.33,10.62,37.23,74.46,,,1.05,52.58,0.04,1.99,49.77,71.1,602.19,17.21,0.26,15.57,,,382.08,38.21,25.25,6.31,1.22,12.15,41.76,10.44,3.14,17.42,12.19,11.61,0.17,8.34,88.54,1.77,2.17,36.15,,,7.21,48.05,2.47,16.5,10.53,52.63,0.15,9.83,90.33,9.03,1.55,8.58,,
100,True,True,False,False,7.0,1,635290,Blender Carrot Soup,57.73,45,4,https://www.foodista.com/recipe/M556FNLZ/blender-carrot-soup,163.55,8.18,12.44,19.14,7.59,47.45,11.86,3.95,9.8,3.56,7.29,8.1,43.81,14.6,273.92,11.91,2.43,4.87,2.06,8.25,0.1,5.09,0.28,13.89,1.44,2.06,285.46,8.16,0.12,7.12,7.82,9.48,72.79,7.28,13.96,3.49,0.34,3.44,14.07,3.52,0.41,2.26,7.69,7.32,0.06,2.99,8510.06,170.2,0.21,3.57,0.6,4.03,0.38,2.53,0.68,4.5,0.84,4.19,0.06,3.92,87.36,8.74,,,,
101,True,True,True,False,10.0,103,641227,Dandelion pesto,132.51,45,4,https://www.foodista.com/recipe/H3PMVLPC/dandelion-pesto,191.65,9.58,20.0,30.76,2.86,17.88,3.04,1.01,1.68,0.61,0.59,0.65,0.0,0.0,298.02,12.96,1.92,3.85,1.36,5.44,0.05,2.55,0.43,21.32,,,128.64,3.68,0.03,1.93,6.39,7.75,23.08,2.31,19.27,4.82,,,18.37,4.59,0.77,4.28,52.83,50.32,0.08,3.91,856.1,17.12,,,,,0.18,1.18,2.26,15.08,0.29,1.47,0.1,6.8,19.65,1.96,,,,
102,True,True,True,False,1.0,1,1095713,Coconut Flour Muffins,30.66,45,10,https://www.foodista.com/recipe/MPT3QM7F/coconut-flour-muffins,149.71,7.49,13.47,20.72,3.97,24.79,5.73,1.91,2.21,0.8,0.93,1.04,2.23,0.74,133.75,5.82,1.48,2.96,3.53,14.11,,,0.06,3.06,,,,,,,,,,,,,,,,,0.4,2.22,6.51,6.2,,,,,,,,,,,1.57,10.44,,,,,,,,,,
103,False,True,True,False,41.0,1,658483,Roasted Alaskan Salmon with Cherries,361.71,45,4,http://www.foodista.com/recipe/TNW2S4NB/roasted-alaskan-salmon-with-cherries,252.83,12.64,7.43,11.43,1.16,7.25,23.82,7.94,21.47,7.81,19.92,22.14,62.37,20.79,244.17,10.62,23.7,47.4,2.35,9.41,0.99,49.36,0.12,5.77,41.46,59.23,803.37,22.95,0.47,27.88,11.79,14.29,250.51,25.05,34.6,8.65,2.11,21.12,46.48,11.62,1.5,8.31,2.17,2.07,0.36,17.77,159.56,3.19,3.61,60.1,,,0.84,5.59,,,9.11,45.54,0.29,19.1,32.16,3.22,,,,
104,False,False,False,False,4.0,1,631769,"Bad Boy"" Giant Double Chocolate Cookies",44.08,45,12,http://www.foodista.com/recipe/3WRC3VPL/bad-boy-giant-double-chocolate-cookies,358.82,17.94,20.9,32.15,12.12,75.73,38.08,12.69,33.85,12.31,13.18,14.65,62.97,20.99,69.94,3.04,6.42,12.84,4.24,16.95,0.04,2.19,0.7,35.06,14.46,20.66,334.61,9.56,0.19,11.35,,,199.45,19.94,49.49,12.37,0.38,3.81,77.54,19.39,3.73,20.72,3.01,2.87,0.55,27.68,309.72,6.19,0.17,2.8,0.36,2.41,1.36,9.06,0.53,3.52,1.73,8.63,0.2,13.42,64.05,6.41,,,34.04,11.35
105,False,False,False,False,33.0,5,640959,Crunchy Prawn Skewers With Lemony Avocado Dip,256.1,45,4,https://www.foodista.com/recipe/CS5PSXJ2/crunchy-prawn-skewers-with-lemony-avocado-dip,658.23,32.91,27.1,41.69,7.01,43.81,77.78,25.93,69.85,25.4,7.68,8.53,152.33,50.78,1180.53,51.33,26.11,52.21,7.93,31.73,0.28,14.04,1.21,60.66,51.89,74.12,537.17,15.35,0.53,31.3,10.46,12.67,333.72,33.37,156.34,39.09,1.44,14.44,79.09,19.77,6.37,35.37,22.23,21.17,0.5,25.13,268.89,5.38,0.84,13.95,,,2.97,19.81,2.96,19.72,7.85,39.27,1.02,67.89,302.47,30.25,,,,
106,True,True,True,False,7.0,1,648467,Japanese Cucumber Salad,29.96,45,4,http://www.foodista.com/recipe/BYWQZ4KX/japanese-cucumber-salad,25.73,1.29,1.1,1.7,0.17,1.08,3.61,1.2,2.98,1.08,1.58,1.75,0.0,0.0,170.6,7.42,0.97,1.94,0.63,2.53,0.04,2.07,0.09,4.54,,,141.53,4.04,0.04,2.15,3.79,4.6,25.39,2.54,11.55,2.89,0.21,2.12,12.79,3.2,0.42,2.31,31.07,29.59,0.04,2.13,168.48,3.37,,,,,0.2,1.32,,,0.24,1.2,0.03,1.8,19.32,1.93,,,,
107,True,True,True,False,3.0,1,635495,Blueberry Mojito Popsicles,114.86,45,12,https://www.foodista.com/recipe/JCY677ZZ/blueberry-mojito-popsicles,56.36,2.82,0.22,0.34,0.02,0.15,12.26,4.09,10.72,3.9,8.14,9.04,0.0,0.0,8.37,0.36,0.55,1.09,1.54,6.17,0.03,1.68,0.19,9.63,,,72.94,2.08,0.03,1.79,10.03,12.16,10.54,1.05,8.32,2.08,,,7.08,1.77,0.36,2.02,8.43,8.02,0.05,2.32,190.44,3.81,,,,,0.16,1.04,0.28,1.87,0.27,1.35,0.02,1.56,16.49,1.65,1.25,6.96,,
108,True,False,False,True,100.0,1,633824,Baked Stuffed Potatoes (Tandoori Potatoes),470.5,45,2,http://www.foodista.com/recipe/CYSN7KPB/baked-stuffed-potatoes-tandoori-potatoes,449.27,22.46,34.09,52.45,6.35,39.71,19.4,6.47,17.83,6.48,5.58,6.2,21.44,7.15,1017.2,44.23,16.03,32.06,1.57,6.29,0.18,9.19,0.4,20.02,17.01,24.3,371.22,10.61,0.35,20.8,21.27,25.78,254.44,25.44,45.74,11.44,0.86,8.6,39.41,9.85,2.24,12.42,59.14,56.32,0.13,6.46,383.61,7.67,0.64,10.73,0.36,2.43,0.99,6.62,4.18,27.88,1.19,5.94,0.19,12.41,200.01,20.0,,,,
109,False,False,False,False,37.0,74,660368,Smoked Salmon Eggs Benedict With Lemon Dill Hollandaise,604.98,45,2,http://www.foodista.com/recipe/MZTVJFS5/smoked-salmon-eggs-benedict-with-lemon-dill-hollandaise,534.2,26.71,32.62,50.18,13.68,85.5,19.66,6.55,15.75,5.73,3.96,4.39,660.22,220.07,1477.89,64.26,40.86,81.72,3.91,15.64,0.69,34.66,0.84,42.08,89.87,128.39,641.12,18.32,0.77,45.22,34.9,42.3,542.7,54.27,140.56,35.14,3.46,34.62,77.01,19.25,4.93,27.41,87.04,82.9,0.51,25.26,2965.8,59.32,5.0,83.35,22.74,151.59,2.76,18.39,4.02,26.82,6.97,34.84,0.25,16.37,177.05,17.71,,,,
110,False,True,True,False,19.0,1,643901,Frozen Chocolate-Dipped Peanut Butter Banana Bites,54.81,45,8,http://www.foodista.com/recipe/M4YTKRC6/back-to-school-recipes-frozen-treats-combine-peanut-butter-chocolate-and-banana,327.67,16.38,21.6,33.24,5.55,34.71,30.84,10.28,25.05,9.11,16.59,18.44,0.0,0.0,18.52,0.81,10.01,20.01,5.79,23.16,0.4,19.79,1.12,56.13,3.5,4.99,550.38,15.73,0.13,7.79,6.42,7.78,165.32,16.53,91.57,22.89,0.83,8.29,97.79,24.45,1.85,10.25,1.29,1.22,0.43,21.51,,,,,,,1.04,6.96,0.28,1.86,5.81,29.07,0.24,15.87,41.07,4.11,,,9.49,3.16
111,True,False,False,False,2.0,1,1095797,Lemon Rum Cr√™pes,58.48,40,6,https://www.foodista.com/recipe/CVV8QJ6Q/shrove-tuesday-cr-pes,332.6,16.63,17.17,26.41,10.25,64.06,36.32,12.11,34.98,12.72,4.34,4.82,95.27,31.76,290.23,12.62,6.34,12.68,1.34,5.35,0.05,2.37,0.29,14.54,18.86,26.94,73.76,2.11,0.28,16.61,2.58,3.13,78.97,7.9,83.97,20.99,0.43,4.35,12.48,3.12,2.21,12.3,1.49,1.42,0.09,4.32,553.34,11.07,0.16,2.71,0.58,3.85,0.51,3.42,0.62,4.16,2.49,12.45,0.34,22.35,24.25,2.43,1.08,5.98,,
112,True,False,False,False,2.0,7,651189,Mascarpone & Ricotta Cheese Cake,111.42,45,10,http://www.foodista.com/recipe/F4L8XS82/mascarpone-ricotta-cheese-cake,526.12,26.31,34.85,53.62,18.67,116.71,42.89,14.3,41.95,15.26,32.28,35.86,161.55,53.85,421.16,18.31,11.22,22.44,0.94,3.76,0.08,3.99,0.11,5.32,11.3,16.14,167.79,4.79,0.27,16.16,,,170.19,17.02,28.2,7.05,0.64,6.4,27.02,6.76,1.39,7.7,1.73,1.65,0.07,3.61,1170.72,23.41,0.37,6.18,0.74,4.92,1.14,7.6,1.34,8.93,0.83,4.14,0.07,4.71,155.5,15.55,,,,
113,False,True,True,True,71.0,1,656181,Pineapple Pork Stir Fry,352.51,45,2,http://www.foodista.com/recipe/2L4VJ8TS/pineapple-pork-stir-fry,679.44,33.97,31.76,48.86,9.04,56.52,69.54,23.18,58.18,21.16,46.8,52.0,71.44,23.81,1124.39,48.89,38.9,77.81,11.36,45.45,1.67,83.67,1.59,79.59,39.18,55.97,1601.13,45.75,0.56,33.07,184.06,223.11,535.0,53.5,164.53,41.13,2.15,21.54,170.39,42.6,4.14,23.02,177.6,169.14,0.99,49.37,1208.42,24.17,0.58,9.64,0.45,3.02,4.16,27.71,2.03,13.56,9.58,47.91,1.06,70.35,182.4,18.24,,,,
114,True,False,False,False,1.0,1,652155,Mocca Cupcakes With Dried Fruit,45.84,45,12,http://www.foodista.com/recipe/ND46D7V6/mocca-cupcakes-with-dried-fruit,334.12,16.71,15.1,23.23,7.65,47.84,49.85,16.62,47.94,17.43,39.45,43.83,44.14,14.71,8.9,0.39,2.61,5.21,1.91,7.66,0.07,3.32,0.4,19.88,3.73,5.32,133.63,3.82,0.11,6.54,,,44.9,4.49,42.27,10.57,0.34,3.43,17.06,4.27,0.78,4.31,2.83,2.7,0.14,6.75,376.43,7.53,,,0.29,1.91,0.35,2.35,1.15,7.65,0.92,4.58,0.19,12.9,24.63,2.46,,,,
115,False,False,False,False,8.0,1,654688,Parmesan Stuffed Mushrooms,23.34,45,30,https://www.foodista.com/recipe/3YM6MLC5/parmesan-stuffed-mushrooms,44.27,2.21,3.27,5.02,0.83,5.18,2.47,0.82,2.23,0.81,0.53,0.59,2.12,0.71,53.92,2.34,1.67,3.34,,,0.03,1.67,0.06,2.75,6.9,9.86,111.59,3.19,0.13,7.55,,,47.32,4.73,8.65,2.16,0.37,3.65,4.14,1.03,0.25,1.37,9.82,9.36,0.12,6.02,64.6,1.29,,,,,0.36,2.4,0.36,2.39,1.0,4.98,0.04,2.73,35.16,3.52,,,,
116,False,False,True,False,2.0,15,640461,Crawfish Cake Sliders,60.19,45,8,https://www.foodista.com/recipe/MLDXBH7V/crawfish-cake-sliders,181.03,9.05,6.09,9.37,0.59,3.68,21.59,7.2,19.91,7.24,3.06,3.4,60.98,20.33,86.95,3.78,9.33,18.66,1.68,6.72,0.07,3.43,0.14,6.96,13.57,19.38,100.73,2.88,0.08,4.66,,,95.07,9.51,13.81,3.45,0.28,2.77,14.01,3.5,1.66,9.23,3.23,3.08,0.2,9.76,148.78,2.98,0.99,16.49,,,0.62,4.13,0.75,5.01,0.97,4.85,0.08,5.58,56.33,5.63,,,,
117,False,False,True,False,6.0,1,643832,Fried Xocai Healthy Chocolate Stuffed Wontons,82.75,45,6,http://www.foodista.com/recipe/SFCFV28T/fried-xocai-healthy-chocolate-stuffed-wontons,191.76,9.59,9.54,14.68,1.59,9.94,11.86,3.95,10.03,3.65,0.75,0.83,107.32,35.77,557.49,24.24,14.83,29.66,1.84,7.34,0.34,17.08,0.41,20.38,23.4,33.42,273.19,7.81,0.32,18.62,,,195.19,19.52,30.72,7.68,0.94,9.38,51.2,12.8,1.58,8.79,,,0.21,10.56,133.1,2.66,0.28,4.61,0.48,3.18,1.02,6.82,3.43,22.89,5.17,25.86,0.14,9.08,59.25,5.93,,,,
118,False,True,True,False,38.0,1,1096323,Potato & Leek Soup with Roasted Beets,244.08,45,6,https://www.foodista.com/recipe/VYGXBXFT/potato-leek-soup-with-roasted-beets,150.35,7.52,3.51,5.4,0.35,2.17,27.24,9.08,21.29,7.74,13.2,14.67,0.0,0.0,1312.41,57.06,5.0,10.0,5.95,23.8,0.3,15.11,1.05,52.37,1.87,2.67,890.87,25.45,0.12,7.01,38.46,46.62,129.13,12.91,215.27,53.82,0.38,3.76,61.37,15.34,3.74,20.8,42.6,40.58,0.29,14.71,1333.29,26.67,0.13,2.09,,,0.87,5.77,1.31,8.76,2.43,12.15,0.1,6.47,101.41,10.14,,,,
119,True,True,True,False,30.0,1,643674,Fried Brown Rice,188.92,25,2,http://www.foodista.com/recipe/SFXY6WMQ/fried-brown-rice,470.08,23.5,13.56,20.87,2.86,17.85,71.9,23.97,62.89,22.87,15.07,16.74,163.68,54.56,2137.63,92.94,18.18,36.36,9.01,36.03,0.85,42.29,2.85,142.33,24.23,34.61,1131.45,32.33,0.66,39.08,33.37,40.45,420.93,42.09,114.1,28.52,2.65,26.54,156.35,39.09,4.4,24.42,73.05,69.57,0.58,28.97,11253.15,225.06,0.43,7.13,0.92,6.11,3.06,20.4,1.47,9.77,7.06,35.32,0.42,27.99,140.79,14.08,,,,
120,True,False,False,False,16.0,1,662558,Sweet Potato Bars,39.68,45,16,http://www.foodista.com/recipe/WD7M8VQR/sweet-potato-bars,115.87,5.79,2.9,4.47,0.43,2.67,19.45,6.48,17.19,6.25,6.42,7.13,11.93,3.98,61.54,2.68,3.46,6.92,2.26,9.05,0.09,4.47,0.76,38.22,5.55,7.93,214.42,6.13,0.15,8.8,4.9,5.93,111.96,11.2,14.33,3.58,0.45,4.47,30.54,7.64,0.9,5.0,,,0.12,6.14,3081.82,61.64,0.11,1.78,0.25,1.64,0.76,5.04,0.31,2.05,0.36,1.79,0.11,7.09,57.54,5.75,,,,
121,False,False,False,False,16.0,1,639584,Classic Clam Sauce,225.65,45,4,http://www.foodista.com/recipe/BSG55FGX/classic-clam-sauce,335.07,16.75,7.84,12.06,2.59,16.2,41.48,13.83,38.68,14.06,2.38,2.65,22.94,7.65,346.26,15.05,13.42,26.85,2.8,11.2,0.16,7.78,0.51,25.62,38.87,55.53,239.02,6.83,0.07,4.36,21.7,26.3,183.45,18.35,37.35,9.34,0.31,3.1,43.09,10.77,3.3,18.32,239.65,228.24,0.16,8.01,1451.48,29.03,5.76,96.04,,,1.01,6.75,1.19,7.92,0.84,4.21,0.06,3.87,70.35,7.03,6.18,34.33,,
122,True,False,False,False,3.0,0,673449,How to Make a Skillet Cornbread,44.66,35,6,https://www.pinkwhen.com/easy-cornbread-skillet-recipe/,406.15,20.31,20.4,31.38,11.47,71.7,48.57,16.19,44.55,16.2,12.08,13.43,73.87,24.62,682.48,29.67,7.99,15.99,4.02,16.08,0.27,13.71,0.33,16.59,10.67,15.24,234.78,6.71,0.23,13.71,,,196.16,19.62,39.64,9.91,0.64,6.43,52.5,13.13,1.96,10.87,1.63,1.56,0.13,6.64,609.07,12.18,0.37,6.2,1.22,8.15,1.64,10.96,0.71,4.73,1.66,8.32,0.23,15.53,149.4,14.94,,,,
123,True,True,True,True,100.0,1,659689,Seasonal Autumn Stew,172.76,45,4,http://www.foodista.com/recipe/CS67PMR7/seasonal-autumn-stew,233.93,11.7,4.71,7.25,0.69,4.29,48.26,16.09,37.34,13.58,13.18,14.64,0.0,0.0,624.7,27.16,7.43,14.87,10.93,43.71,0.67,33.56,1.15,57.59,7.76,11.08,1643.09,46.95,0.36,21.14,85.79,103.99,220.08,22.01,125.99,31.5,2.19,21.85,122.63,30.66,4.16,23.12,133.61,127.24,0.83,41.43,22147.47,442.95,,,,,1.35,9.02,5.27,35.15,6.15,30.77,0.38,25.44,213.53,21.35,,,,
124,False,False,False,False,0.0,19,665193,White Chocolate Raspberry Brie Cups,37.09,20,15,http://www.foodista.com/recipe/ZSNXT7F6/white-chocolate-raspberry-brie-cups,53.69,2.68,2.2,3.38,1.04,6.53,7.78,2.59,7.58,2.76,4.52,5.02,3.43,1.14,29.5,1.28,1.29,2.57,,,,,,,,,,,0.03,1.64,1.04,1.26,11.98,1.2,,,,,,,,,,,,,,,0.06,1.04,,,,,,,,,,,12.49,1.25,,,,
125,False,False,False,False,1.0,11,665573,Yorkshire Pudding,12.65,45,12,http://www.foodista.com/recipe/KPRQCDW7/yorkshire-pudding,74.09,3.7,2.14,3.3,0.86,5.35,8.24,2.75,7.99,2.9,1.09,1.21,48.57,16.19,366.7,15.94,5.13,10.26,0.25,1.01,0.07,3.48,0.07,3.51,7.97,11.38,79.69,2.28,0.14,8.42,4.44,5.38,68.01,6.8,24.24,6.06,0.32,3.15,7.49,1.87,0.84,4.68,,,0.03,1.68,92.34,1.85,0.36,5.95,0.48,3.23,0.64,4.26,,,1.31,6.56,0.09,6.12,58.26,5.83,,,,
126,True,True,True,False,21.0,1,1096231,Slow Cooker Healthy Sweet Potato Soup with Coconut and Pistachios,418.08,275,4,https://www.foodista.com/recipe/WQVSJ6PM/slow-cooker-healthy-sweet-potato-soup-with-coconut-and-pistachios,427.68,21.38,21.81,33.55,16.53,103.3,45.6,15.2,37.91,13.79,10.69,11.88,0.0,0.0,836.09,36.35,17.39,34.77,7.69,30.77,0.62,30.98,1.37,68.59,2.05,2.92,1040.68,29.73,0.16,9.12,10.28,12.46,225.46,22.55,52.84,13.21,1.71,17.12,100.64,25.16,4.4,24.46,13.9,13.24,0.59,29.43,29338.35,586.77,,,,,1.32,8.83,0.89,5.91,2.0,9.99,0.26,17.24,104.01,10.4,,,,
127,False,True,True,True,66.0,1,643945,"Fruit and Spinach Salad with ""Xocai Activ"" Vinaigrette",97.39,45,8,http://www.foodista.com/recipe/7T88D2Q3/fruit-and-spinach-salad-with-xocai-activ-vinaigrette,203.43,10.17,18.82,28.96,2.53,15.81,8.6,2.87,6.11,2.22,4.54,5.05,0.0,0.0,36.84,1.6,2.5,5.0,2.5,9.99,0.13,6.48,0.68,34.12,0.87,1.25,310.59,8.87,0.1,5.66,22.74,27.56,53.91,5.39,87.74,21.94,0.1,1.03,47.22,11.81,1.52,8.44,197.08,187.69,0.2,10.03,3555.54,71.11,,,,,0.5,3.34,2.85,18.98,0.48,2.41,0.06,4.2,52.83,5.28,,,,
128,True,False,False,False,8.0,1,647693,Ice Cream Biscuits,179.24,45,20,http://www.foodista.com/recipe/P3TYTKQX/ice-cream-biscuits,444.9,22.24,34.46,53.02,11.38,71.16,33.17,11.06,27.1,9.86,20.92,23.24,51.68,17.23,7.93,0.34,7.12,14.24,6.07,24.27,0.25,12.32,2.0,99.81,3.4,4.86,537.78,15.37,0.13,7.68,11.72,14.21,136.85,13.69,50.57,12.64,0.65,6.49,67.82,16.96,2.23,12.36,8.58,8.17,0.62,31.18,607.8,12.16,0.07,1.11,0.36,2.4,0.95,6.32,5.08,33.87,1.07,5.35,0.27,18.26,64.32,6.43,,,,
129,True,True,True,False,14.0,1,1096178,"Blueberry, Persimmon Smoothie with Banana and Peanut Butter",48.7,5,2,https://www.foodista.com/recipe/SF7WGG4V/blueberry-persimmon-smoothie-with-banana-and-peanut-butter,418.42,20.92,9.19,14.14,1.81,11.28,87.84,29.28,83.37,30.31,17.51,19.46,0.0,0.0,76.5,3.33,6.73,13.47,4.47,17.9,0.48,23.84,0.63,31.58,1.94,2.78,1014.71,28.99,0.11,6.22,123.26,149.4,127.62,12.76,34.26,8.57,0.55,5.53,54.13,13.53,4.87,27.03,7.74,7.37,0.18,8.78,84.62,1.69,,,,,0.68,4.51,1.75,11.67,2.97,14.85,0.06,3.78,59.51,5.95,,,,
130,False,True,True,False,4.0,2,647615,Huli-Huli Chicken,62.54,45,6,http://www.foodista.com/recipe/BDBHNYGT/huli-huli-chicken,274.15,13.71,17.5,26.92,5.0,31.23,6.45,2.15,5.79,2.1,3.82,4.25,86.7,28.9,2407.72,104.68,21.92,43.84,0.66,2.66,0.48,23.96,0.42,21.12,17.01,24.3,287.55,8.22,0.15,9.09,20.78,25.18,177.6,17.76,14.31,3.58,1.15,11.54,30.22,7.56,1.23,6.84,2.04,1.94,0.12,5.77,183.94,3.68,0.36,5.97,0.23,1.54,1.6,10.7,0.37,2.45,8.1,40.5,0.1,6.96,23.44,2.34,,,,
131,True,True,False,False,7.0,1,650772,Mango Cranberry Sherbet,144.1,45,4,https://www.foodista.com/recipe/NBLLQK8K/mango-cranberry-sherbet,272.42,13.62,6.88,10.59,3.23,20.17,50.71,16.9,48.39,17.6,44.7,49.67,109.85,36.62,59.09,2.57,6.06,12.12,2.32,9.29,0.19,9.37,0.13,6.48,10.3,14.71,335.43,9.58,0.3,17.45,32.42,39.29,152.33,15.23,56.03,14.01,0.95,9.46,22.74,5.68,0.6,3.31,4.51,4.3,0.15,7.58,1223.82,24.48,0.72,12.07,2.07,13.81,0.8,5.35,1.24,8.26,0.85,4.24,0.1,6.53,163.17,16.32,,,,
132,True,True,False,False,16.0,1,637705,Cherries and Yogurt Parfait,277.28,45,2,https://www.foodista.com/recipe/B83CD646/cherries-and-yogurt-parfait,390.96,19.55,4.95,7.61,2.66,16.6,71.92,23.97,67.77,24.64,57.86,64.28,14.7,4.9,173.75,7.55,15.78,31.57,4.15,16.6,0.2,9.96,0.5,25.08,11.09,15.84,929.65,26.56,0.59,34.69,11.62,14.08,427.46,42.75,35.87,8.97,1.84,18.38,73.97,18.49,1.22,6.8,3.6,3.43,0.18,8.91,213.27,4.27,1.37,22.87,,,2.69,17.91,0.21,1.42,0.63,3.15,0.19,12.82,472.85,47.29,1.03,5.73,,
133,True,True,True,False,7.0,6,663313,The Pearhattan Cocktail,509.89,45,1,http://www.foodista.com/recipe/SXTRH8NR/the-pearhattan-cocktail,521.23,26.06,1.11,1.71,0.18,1.11,100.99,33.66,82.32,29.94,62.78,69.75,0.0,0.0,592.96,25.78,2.54,5.08,18.67,74.67,0.23,11.29,0.31,15.28,0.71,1.02,807.94,23.08,0.17,10.11,71.2,86.3,82.05,8.21,65.02,16.25,0.44,4.44,49.17,12.29,1.18,6.56,25.99,24.75,0.52,26.09,154.78,3.1,,,,,0.68,4.52,0.89,5.91,1.09,5.44,0.1,6.92,63.01,6.3,21.31,118.4,,
134,True,True,True,True,77.0,1,1096268,Garlic-Roasted Brussels Sprouts Side Dish,170.34,35,2,https://www.foodista.com/recipe/TJVY34HV/aip-garlic-roasted-brussels-sprouts-recipe,265.27,13.26,21.51,33.1,3.0,18.78,16.91,5.64,10.51,3.82,3.63,4.03,0.0,0.0,234.65,10.2,5.79,11.58,6.4,25.6,0.44,21.96,0.65,32.57,3.58,5.12,641.66,18.33,0.15,8.88,138.74,168.17,119.42,11.94,95.73,23.93,0.54,5.36,38.19,9.55,2.45,13.63,288.75,275.0,0.13,6.72,1177.83,23.56,,,,,0.75,5.0,4.4,29.33,1.23,6.13,0.23,15.57,83.41,8.34,,,,
135,False,True,True,False,13.0,1,639843,Cod Fillet In Lemon Grass Shallot Sauce,307.35,45,2,https://www.foodista.com/recipe/VMPD4W74/cod-fillet-in-lemon-grass-shallot-sauce,196.02,9.8,7.26,11.17,5.76,35.98,31.99,10.66,27.8,10.11,14.13,15.7,0.64,0.21,18.79,0.82,4.18,8.37,4.19,16.76,0.56,27.86,1.3,65.04,3.34,4.78,567.3,16.21,0.06,3.37,13.21,16.01,106.5,10.65,54.14,13.53,0.43,4.26,37.92,9.48,2.91,16.16,2.89,2.75,0.19,9.59,,,,,,,1.14,7.6,0.33,2.23,0.51,2.54,0.1,6.91,72.79,7.28,,,,
136,False,False,False,False,2.0,1,655189,Peaches and Cream Pound Cake,89.63,45,10,http://www.foodista.com/recipe/4SQWWQDM/peaches-and-cream-pound-cake,422.0,21.1,18.9,29.08,10.71,66.92,57.13,19.04,55.44,20.16,32.95,36.61,98.45,32.82,232.55,10.11,7.41,14.81,1.69,6.78,0.06,2.9,0.3,14.89,17.34,24.78,283.99,8.11,0.14,8.01,4.08,4.94,150.61,15.06,21.82,5.45,0.58,5.76,17.57,4.39,0.84,4.65,3.19,3.04,0.12,5.76,860.96,17.22,0.19,3.22,0.57,3.8,0.68,4.51,1.04,6.95,0.86,4.3,0.05,3.37,75.85,7.59,,,,
137,False,True,True,True,67.0,19,639411,Cilantro Lime Halibut,874.74,45,2,http://www.foodista.com/recipe/W2C6K48J/cilantro-lime-halibut,417.84,20.89,21.94,33.76,3.32,20.76,5.46,1.82,4.89,1.78,1.58,1.76,112.03,37.34,397.16,17.27,43.31,86.62,0.57,2.28,1.3,65.06,0.11,5.75,104.25,148.93,1129.98,32.29,0.12,6.99,12.4,15.03,559.46,55.95,42.19,10.55,0.86,8.62,62.38,15.59,0.9,4.98,48.9,46.57,0.1,4.91,557.96,11.16,2.49,41.58,10.66,71.06,0.99,6.58,4.28,28.53,15.43,77.15,0.14,9.49,35.74,3.57,3.09,17.17,,
138,True,False,True,False,12.0,1,662315,"Sundried Tomato,Olive,Rosemary and Thyme Foccacia Bread",81.78,45,6,https://www.foodista.com/recipe/J332ZZGL/sundried-tomatooliverosemary-and-thyme-foccacia-bread,148.17,7.41,5.1,7.85,1.14,7.13,22.51,7.5,20.29,7.38,2.93,3.25,0.0,0.0,301.66,13.12,4.31,8.62,2.22,8.9,0.08,3.79,0.09,4.62,,,183.8,5.25,0.18,10.68,1.91,2.32,40.66,4.07,96.63,24.16,0.63,6.29,11.34,2.84,6.03,33.49,3.27,3.11,0.09,4.44,60.71,1.21,,,,,0.41,2.73,0.49,3.29,2.0,9.99,0.46,30.84,,,,,,
139,True,True,False,False,37.0,1,649354,Layered Greek Salad,123.12,45,10,http://www.foodista.com/recipe/Q7XBSGX5/layered-greek-salad,134.41,6.72,5.74,8.84,3.37,21.07,13.18,4.39,10.78,3.92,10.2,11.33,19.23,6.41,551.12,23.96,8.66,17.32,2.4,9.6,0.25,12.31,0.2,9.89,5.86,8.37,514.92,14.71,0.4,23.25,26.78,32.46,224.94,22.49,109.56,27.39,0.87,8.75,35.77,8.94,1.05,5.84,68.52,65.26,0.09,4.6,5925.81,118.52,0.8,13.37,,,1.55,10.35,0.54,3.62,0.76,3.79,0.14,9.32,286.72,28.67,,,,
140,True,False,False,False,25.0,11,636178,"Broccoli Cheddar Soup, A Panera Bread Co. Copycat",196.38,45,4,http://www.foodista.com/recipe/N3TSHPQV/broccoli-cheddar-soup-a-panera-bread-co-copycat,607.26,30.36,45.89,70.6,28.35,177.16,26.97,8.99,23.27,8.46,4.46,4.96,134.81,44.94,816.44,35.5,25.74,51.47,3.69,14.78,0.33,16.67,0.34,17.2,16.49,23.55,768.59,21.96,0.63,36.87,85.39,103.51,549.92,54.99,101.3,25.32,1.25,12.53,57.31,14.33,2.17,12.06,99.15,94.42,0.2,10.11,4928.79,98.58,1.07,17.85,0.8,5.3,3.13,20.9,1.74,11.6,4.04,20.18,0.23,15.23,605.26,60.53,,,,
141,False,True,False,True,55.0,3,644173,Garbanzo Beans & Greens,339.93,45,4,https://www.foodista.com/recipe/ZXYJ8K4Y/garbanzo-beans-greens,495.03,24.75,19.26,29.62,5.69,35.54,48.17,16.06,38.22,13.9,12.05,13.39,57.85,19.28,1650.58,71.76,35.1,70.2,9.95,39.81,0.94,46.84,1.7,85.01,34.04,48.63,1160.85,33.17,0.43,25.4,86.74,105.14,502.46,50.25,226.5,56.63,1.25,12.45,115.32,28.83,5.75,31.97,484.4,461.34,1.49,74.6,13303.39,266.07,1.07,17.85,,,5.13,34.19,1.29,8.61,6.82,34.11,0.39,25.73,248.54,24.85,,,,
142,False,True,True,False,10.0,1,659290,Satay Chicken Wings,154.81,45,6,https://www.foodista.com/recipe/Q6G4VN7B/satay-chicken-wings,429.85,21.49,30.76,47.33,12.13,75.79,11.82,3.94,9.64,3.51,4.62,5.13,103.95,34.65,187.21,8.14,27.32,54.64,2.18,8.72,0.75,37.42,0.52,25.83,22.13,31.61,465.54,13.3,0.16,9.34,36.9,44.73,230.06,23.01,27.48,6.87,1.22,12.19,51.99,13.0,3.44,19.12,21.33,20.31,0.18,9.07,471.75,9.43,0.43,7.2,,,2.22,14.77,0.91,6.08,9.0,45.02,0.12,8.09,66.44,6.64,,,,
143,True,True,True,False,50.0,6,661653,Stir Fried Cabbage and Tomatoes,80.89,45,2,https://www.foodista.com/recipe/FFZJFQPK/stir-fried-cabbage-and-tomatoes,96.94,4.85,0.5,0.77,0.12,0.74,22.22,7.41,14.98,5.45,13.42,14.91,0.0,0.0,706.75,30.73,4.29,8.57,7.24,28.96,0.43,21.52,0.56,28.18,1.14,1.63,716.36,20.47,0.13,7.75,101.22,122.69,95.51,9.55,116.92,29.23,0.61,6.13,42.96,10.74,1.49,8.28,182.53,173.83,0.14,6.93,1290.93,25.82,,,,,0.68,4.51,1.13,7.54,1.4,7.02,0.19,12.73,110.71,11.07,,,,
144,True,False,False,False,0.0,11,647442,Hot Cross Buns,11.23,45,12,http://www.foodista.com/recipe/PSM4LCWB/hot-cross-buns,86.33,4.32,4.82,7.42,1.37,8.59,10.84,3.61,10.33,3.76,4.95,5.5,1.53,0.51,248.19,10.79,0.77,1.54,0.5,2.02,,,0.04,2.15,1.05,1.51,105.61,3.02,0.04,2.58,,,41.73,4.17,,,,,,,0.26,1.45,2.35,2.23,0.03,1.25,,,0.07,1.14,0.2,1.32,,,0.27,1.83,,,0.02,1.64,34.67,3.47,,,,
145,False,True,True,False,18.0,13,638315,"Chicken Sausage, White Bean and Cabbage Soup",196.23,45,6,https://www.foodista.com/recipe/R66F23JJ/chicken-sausage-white-bean-and-cabbage-soup,312.19,15.61,13.39,20.6,2.66,16.61,32.66,10.89,25.83,9.39,8.44,9.37,53.37,17.79,1785.34,77.62,18.51,37.02,6.83,27.32,0.25,12.36,0.6,30.24,1.74,2.49,598.13,17.09,0.08,4.95,34.06,41.28,107.9,10.79,92.65,23.16,0.42,4.18,53.4,13.35,3.34,18.53,64.1,61.04,0.21,10.62,4181.3,83.63,,,,,1.08,7.2,1.19,7.91,0.53,2.67,0.15,10.23,102.67,10.27,,,,
146,True,False,False,False,1.0,2,656248,Pinot Noir Brownies,65.76,45,16,https://www.foodista.com/recipe/L5G2TX8B/pinot-noir-brownies,213.58,10.68,13.07,20.1,6.75,42.18,20.53,6.84,18.52,6.74,12.98,14.42,43.24,14.41,96.84,4.21,3.0,5.99,2.0,8.02,0.04,1.83,0.4,19.89,4.84,6.91,114.55,3.27,0.05,3.03,,,72.12,7.21,9.99,2.5,0.15,1.53,33.91,8.48,1.13,6.28,1.15,1.09,0.28,14.15,295.27,5.91,0.07,1.12,0.27,1.79,0.69,4.57,0.36,2.41,0.21,1.07,0.03,1.68,19.82,1.98,2.48,13.76,10.69,3.56
147,True,True,True,True,93.0,2,637297,Cauliflower Chickpea Stew,139.28,45,4,https://www.foodista.com/recipe/BQBJ3XVS/cauliflower-chickpea-stew,455.5,22.78,7.79,11.99,1.15,7.17,86.22,28.74,73.8,26.84,9.48,10.53,0.0,0.0,513.14,22.31,13.62,27.24,12.42,49.66,1.25,62.55,3.73,186.68,3.98,5.69,1031.45,29.47,0.18,10.55,40.41,48.98,335.03,33.5,83.95,20.99,2.27,22.71,162.82,40.71,4.85,26.92,15.53,14.79,0.68,34.15,8626.25,172.52,,,,,2.64,17.61,2.34,15.58,4.77,23.83,0.45,29.7,141.16,14.12,,,,
148,True,True,False,False,5.0,1,659412,Saut√©ed Balsamic Green Beans With Cherry Tomatoes,101.81,45,4,https://www.foodista.com/recipe/Q33QTX2N/sauteed-balsamic-green-beans-with-cherry-tomatoes,73.47,3.67,2.34,3.6,0.85,5.3,12.27,4.09,8.76,3.19,6.31,7.01,2.69,0.9,16.81,0.73,2.8,5.6,3.51,14.03,0.23,11.6,0.35,17.75,1.29,1.85,379.7,10.85,0.13,7.83,27.28,33.06,64.04,6.4,44.79,11.2,0.34,3.42,35.26,8.82,1.65,9.18,18.66,17.77,0.13,6.71,1087.25,21.75,,,,,0.39,2.58,0.95,6.35,1.15,5.73,0.12,7.85,55.64,5.56,,,,
149,True,True,True,True,100.0,4,647875,Indian-Style Dill and Turmeric Potato Salad,117.24,30,4,http://www.foodista.com/recipe/2LQW8RTQ/indian-style-dill-and-turmeric-potatoes,132.0,6.6,14.17,21.8,1.95,12.19,1.5,0.5,1.16,0.42,0.02,0.03,0.0,0.0,202.0,8.78,0.52,1.05,0.34,1.36,0.05,2.26,0.19,9.71,,,99.71,2.85,0.04,2.19,10.52,12.75,10.8,1.08,17.77,4.44,,,7.36,1.84,0.99,5.49,8.51,8.11,0.02,1.18,914.41,18.29,,,,,,,2.03,13.52,0.21,1.05,,,27.96,2.8,,,,