time,temp1,temp2,temp3
2021-05-04 17:10:01,10.9934,,13.6496
2021-05-04 17:10:02,10.7878,,14.7106
2021-05-04 17:10:03,10.2174,12.0238,13.4136
2021-05-04 17:10:04,11.6362,12.93,14.3805
2021-05-04 17:10:05,10.7618,13.7138,11.2065
2021-05-04 17:10:06,10.3126,13.1576,15.4167
2021-05-04 17:10:07,10.5923,11.1754,14.9882
2021-05-04 17:10:08,8.4248,10.9965,13.3465
2021-05-04 17:10:09,7.5838,11.2964,16.2932
2021-05-04 17:10:10,7.1599,9.6416,16.8432
2021-05-04 17:10:11,8.9059,9.4195,11.7455
2021-05-04 17:10:12,8.6855,8.392,13.4269
2021-05-04 17:10:13,7.7139,9.0616,13.405
2021-05-04 17:10:14,6.5611,9.6678,13.0536
2021-05-04 17:10:15,6.4257,9.2547,16.5818
2021-05-04 17:10:16,6.2472,11.0412,14.5238
2021-05-04 17:10:17,7.0678,9.5247,14.3702
2021-05-04 17:10:18,8.1749,8.3125,10.8786
2021-05-04 17:10:19,8.0938,6.8253,16.1435
2021-05-04 17:10:20,6.2025,7.7759,12.3796
2021-05-04 17:10:21,7.1354,8.1326,14.9628
2021-05-04 17:10:22,7.0057,8.132,15.3817
2021-05-04 17:10:23,,7.6869,17.5315
2021-05-04 17:10:24,5.463,8.817,12.175
2021-05-04 17:10:25,6.4311,6.8832,8.7353
2021-05-04 17:10:26,6.7025,6.9077,15.123
2021-05-04 17:10:27,5.8964,7.9783,18.3365
2021-05-04 17:10:28,7.2541,8.9932,17.1928
2021-05-04 17:10:29,6.5373,8.8362,15.113
2021-05-04 17:10:30,7.1746,9.852,13.6884
2021-05-04 17:10:31,7.0135,9.6308,16.2631
2021-05-04 17:10:32,6.2293,8.4112,12.6783
2021-05-04 17:10:33,7.3552,9.831,15.5539
2021-05-04 17:10:34,7.5429,10.8394,15.5871
2021-05-04 17:10:35,8.3095,10.035,16.6709
2021-05-04 17:10:36,8.685,11.7279,20.0435
2021-05-04 17:10:37,8.8893,13.184,15.2819
2021-05-04 17:10:38,6.7396,13.6469,13.4513
2021-05-04 17:10:39,8.0341,12.4665,14.3895
2021-05-04 17:10:40,8.7089,10.0924,10.8733
2021-05-04 17:10:41,,10.6728,12.9921
2021-05-04 17:10:42,9.989,10.199,13.5324
2021-05-04 17:10:43,8.7236,10.1553,13.2714
2021-05-04 17:10:44,9.553,10.6977,14.5923
2021-05-04 17:10:45,8.7969,11.482,12.6101
2021-05-04 17:10:46,9.0513,12.4136,16.4637
2021-05-04 17:10:47,8.6166,11.9135,14.1881
2021-05-04 17:10:48,8.5222,10.2906,14.1344
2021-05-04 17:10:49,8.8198,10.698,13.4619
2021-05-04 17:10:50,8.8185,10.5877,14.3921
2021-05-04 17:10:51,7.3752,10.3133,15.6953
2021-05-04 17:10:52,7.3826,9.4234,12.2736
2021-05-04 17:10:53,7.3912,9.9193,12.6537
2021-05-04 17:10:54,9.5439,10.0882,13.324
2021-05-04 17:10:55,9.4559,10.4049,11.2006
2021-05-04 17:10:56,7.2813,,12.2141
2021-05-04 17:10:57,,12.9704,12.8598
2021-05-04 17:10:58,8.3581,12.7368,15.52
2021-05-04 17:10:59,8.8633,11.1924,14.2548
2021-05-04 17:11:00,10.0856,11.9785,14.0747
2021-05-04 17:11:01,10.7467,11.1906,15.3466
2021-05-04 17:11:02,,10.1999,13.3268
2021-05-04 17:11:03,11.2914,13.1831,14.3386
2021-05-04 17:11:04,10.05,12.7385,13.3068
2021-05-04 17:11:05,10.1824,12.1973,13.999
2021-05-04 17:11:06,8.5165,12.3629,12.2572
2021-05-04 17:11:07,7.8718,12.5672,8.499
2021-05-04 17:11:08,7.6043,13.678,13.0615
2021-05-04 17:11:09,7.7753,12.6412,16.1284
2021-05-04 17:11:10,9.2845,10.9372,15.0877
2021-05-04 17:11:11,9.4141,12.4138,15.1179
2021-05-04 17:11:12,7.9651,12.4985,15.6107
2021-05-04 17:11:13,8.8352,12.8736,13.2666
2021-05-04 17:11:14,8.0224,11.2455,13.4343
2021-05-04 17:11:15,8.8867,11.3978,11.7542
2021-05-04 17:11:16,,11.7421,12.3068
2021-05-04 17:11:17,8.6439,11.9761,14.1194
2021-05-04 17:11:18,9.239,11.0953,15.2441
2021-05-04 17:11:19,11.0521,11.6979,12.5055
2021-05-04 17:11:20,9.3848,12.7253,11.8316
2021-05-04 17:11:21,8.6397,13.3443,12.6802
2021-05-04 17:11:22,10.3752,12.0827,13.8283
2021-05-04 17:11:23,11.1426,12.654,9.6845
2021-05-04 17:11:24,11.6527,14.7485,7.9258
2021-05-04 17:11:25,,13.8756,11.3626
2021-05-04 17:11:26,10.3384,13.0569,9.9673
2021-05-04 17:11:27,10.2712,13.3543,11.3372
2021-05-04 17:11:28,10.6374,14.0649,12.0023
2021-05-04 17:11:29,10.7721,15.3329,11.3354
2021-05-04 17:11:30,10.8424,17.6409,15.0905
2021-05-04 17:11:31,12.2436,15.9241,12.7824
2021-05-04 17:11:32,11.1844,16.1704,12.6728
2021-05-04 17:11:33,11.3397,16.3872,13.2589
2021-05-04 17:11:34,12.1885,15.8049,9.6792
2021-05-04 17:11:35,11.3461,14.0668,13.9771
2021-05-04 17:11:36,10.8091,14.879,11.6891
2021-05-04 17:11:37,11.2563,13.3193,13.123
2021-05-04 17:11:38,11.2165,13.792,9.5795
2021-05-04 17:11:39,10.2261,13.9306,8.5566
2021-05-04 17:11:40,10.5026,12.5468,13.2405
2021-05-04 17:11:41,10.7189,13.1987,12.2979
2021-05-04 17:11:42,11.7261,14.2566,9.6811
2021-05-04 17:11:43,10.1819,13.3126,9.6858
2021-05-04 17:11:44,10.8049,13.7003,13.6156
2021-05-04 17:11:45,11.3185,17.4739,8.9254
2021-05-04 17:11:46,12.4886,17.8784,14.5288
2021-05-04 17:11:47,13.7717,17.9518,9.3813
2021-05-04 17:11:48,13.4153,18.3748,12.3981
2021-05-04 17:11:49,12.7928,17.6461,10.4028
2021-05-04 17:11:50,12.4988,17.2573,12.2049
2021-05-04 17:11:51,15.0153,14.9383,9.8487
2021-05-04 17:11:52,14.6846,13.841,10.5495
2021-05-04 17:11:53,13.0755,15.5987,10.895
2021-05-04 17:11:54,12.8369,14.5163,8.7468
2021-05-04 17:11:55,11.6738,15.36,12.1706
2021-05-04 17:11:56,11.0133,,9.6002
2021-05-04 17:11:57,11.3227,,10.1071
2021-05-04 17:11:58,,14.8564,8.5131
2021-05-04 17:11:59,10.8502,15.2585,5.3146
2021-05-04 17:12:00,10.485,15.7292,9.9946
2021-05-04 17:12:01,10.1928,15.0657,15.1392
2021-05-04 17:12:02,11.1531,15.4569,11.8204
2021-05-04 17:12:03,10.1983,14.7616,10.1499
2021-05-04 17:12:04,10.1162,13.6956,9.5999
2021-05-04 17:12:05,12.0859,13.8847,10.1078
2021-05-04 17:12:06,10.4762,14.9428,11.0942
2021-05-04 17:12:07,12.944,15.5819,7.5755
2021-05-04 17:12:08,11.1578,15.0701,12.103
2021-05-04 17:12:09,12.5914,,11.2423
2021-05-04 17:12:10,12.5738,15.0569,11.1851
2021-05-04 17:12:11,11.3861,15.0008,10.563
2021-05-04 17:12:12,8.2292,13.7535,9.6626
2021-05-04 17:12:13,8.7585,,10.9065
2021-05-04 17:12:14,10.6436,10.3422,10.6818
2021-05-04 17:12:15,9.5789,11.0332,8.7276
2021-05-04 17:12:16,10.8531,9.8065,8.2261
2021-05-04 17:12:17,11.2217,10.5261,9.5148
2021-05-04 17:12:18,9.4789,11.6273,12.3469
2021-05-04 17:12:19,9.6597,11.0974,6.7086
2021-05-04 17:12:20,9.5511,10.9245,6.1898
2021-05-04 17:12:21,9.4842,11.812,9.3926
2021-05-04 17:12:22,11.0873,10.6086,9.1032
2021-05-04 17:12:23,12.5159,9.2523,9.2866
2021-05-04 17:12:24,10.9598,10.9933,9.3666
2021-05-04 17:12:25,10.6515,10.8639,8.3711
2021-05-04 17:12:26,9.9207,10.8284,11.7363
2021-05-04 17:12:27,9.0208,11.9965,5.494
2021-05-04 17:12:28,9.5709,11.2084,6.9782
2021-05-04 17:12:29,10.3409,11.6882,8.3684
2021-05-04 17:12:30,10.8891,12.5484,5.2284
2021-05-04 17:12:31,9.8031,12.1564,8.1032
2021-05-04 17:12:32,10.5407,12.7961,11.7182
2021-05-04 17:12:33,,12.9623,8.3777
2021-05-04 17:12:34,11.6619,12.3617,8.7382
2021-05-04 17:12:35,11.6828,12.5195,5.6976
2021-05-04 17:12:36,10.9642,13.9509,6.9267
2021-05-04 17:12:37,11.7905,14.6671,7.3507
2021-05-04 17:12:38,12.9923,14.6128,7.4077
2021-05-04 17:12:39,13.1991,14.4784,10.5488
2021-05-04 17:12:40,12.9592,14.5924,9.0435
2021-05-04 17:12:41,12.5869,15.3609,5.6482
2021-05-04 17:12:42,11.5648,17.3985,8.3074
2021-05-04 17:12:43,11.0691,15.5176,8.7545
2021-05-04 17:12:44,12.51,15.9195,9.9824
2021-05-04 17:12:45,13.065,16.366,10.8076
2021-05-04 17:12:46,12.9064,15.3085,5.561
2021-05-04 17:12:47,12.672,14.6509,5.9146
2021-05-04 17:12:48,13.2757,14.6081,4.9667
2021-05-04 17:12:49,11.8891,14.5202,6.9598
2021-05-04 17:12:50,12.1394,13.9303,8.3068
2021-05-04 17:12:51,10.9614,14.3158,9.2955
2021-05-04 17:12:52,11.2811,13.638,7.1161
2021-05-04 17:12:53,10.6533,13.8987,6.5759
2021-05-04 17:12:54,9.289,12.3421,7.4672
2021-05-04 17:12:55,8.7523,12.018,5.4419
2021-05-04 17:12:56,9.3411,13.3402,11.2402
2021-05-04 17:12:57,10.5645,12.8805,3.7952
2021-05-04 17:12:58,10.4522,11.9147,7.3298
2021-05-04 17:12:59,,11.8336,10.9579
2021-05-04 17:13:00,10.3161,11.1758,6.8751
2021-05-04 17:13:01,10.4758,13.0366,6.4328
2021-05-04 17:13:02,10.3316,13.4262,6.0498
2021-05-04 17:13:03,11.1075,12.906,6.3563
2021-05-04 17:13:04,11.0806,13.0589,9.4156
2021-05-04 17:13:05,10.9659,,2.1996
2021-05-04 17:13:06,10.6787,13.1034,9.6441
2021-05-04 17:13:07,12.0469,,3.6838
2021-05-04 17:13:08,13.9015,13.4042,5.9534
2021-05-04 17:13:09,13.7842,14.187,5.5838
2021-05-04 17:13:10,15.1762,13.7981,7.5756
2021-05-04 17:13:11,13.0432,13.9744,3.1589
2021-05-04 17:13:12,10.3012,13.7624,7.2368
2021-05-04 17:13:13,9.7042,13.7205,10.3189
2021-05-04 17:13:14,10.3788,15.2934,3.5024
2021-05-04 17:13:15,11.7743,14.2336,6.5672
2021-05-04 17:13:16,10.6903,14.7337,4.8235
2021-05-04 17:13:17,9.6097,16.2565,6.9595
2021-05-04 17:13:18,11.6575,14.9579,6.1069
2021-05-04 17:13:19,9.9387,16.1517,4.7471
2021-05-04 17:13:20,10.5729,16.6469,6.9679
2021-05-04 17:13:21,9.636,,9.5636
2021-05-04 17:13:22,10.317,14.7404,5.5365
2021-05-04 17:13:23,10.2199,14.9786,7.3219
2021-05-04 17:13:24,9.582,14.3844,3.2605
2021-05-04 17:13:25,10.2046,14.4384,3.8995
2021-05-04 17:13:26,11.2425,12.967,6.7232
2021-05-04 17:13:27,9.429,14.3998,8.7133
2021-05-04 17:13:28,10.3126,13.1571,6.4236
2021-05-04 17:13:29,11.9014,13.2039,5.0543
2021-05-04 17:13:30,12.6511,13.5109,5.6477
2021-05-04 17:13:31,14.1187,15.5943,3.1177
2021-05-04 17:13:32,13.253,16.7707,6.7976
2021-05-04 17:13:33,13.7766,17.9358,7.324
2021-05-04 17:13:34,12.7659,18.29,4.6266
2021-05-04 17:13:35,14.1525,15.9265,4.5629
2021-05-04 17:13:36,12.4088,14.0324,6.0076
2021-05-04 17:13:37,11.7232,14.9253,4.576
2021-05-04 17:13:38,13.1937,14.8589,5.2915
2021-05-04 17:13:39,14.336,13.6458,9.5983
2021-05-04 17:13:40,11.561,14.2283,4.8806
2021-05-04 17:13:41,11.8224,14.1621,4.6344
2021-05-04 17:13:42,9.5407,14.1051,4.0333
2021-05-04 17:13:43,8.695,14.3619,6.7947
2021-05-04 17:13:44,9.8255,,4.9226
2021-05-04 17:13:45,9.4217,11.6368,3.9658
2021-05-04 17:13:46,9.3599,12.6489,7.8873
2021-05-04 17:13:47,8.5959,12.9951,8.0649
2021-05-04 17:13:48,,11.8224,4.0065
2021-05-04 17:13:49,8.7676,10.6399,1.4568
2021-05-04 17:13:50,8.2117,9.5675,7.1881
2021-05-04 17:13:51,10.1264,9.8316,3.7878
2021-05-04 17:13:52,8.8551,10.6046,6.7231
2021-05-04 17:13:53,8.7071,10.5337,1.1872
2021-05-04 17:13:54,9.3159,11.4259,6.8989
2021-05-04 17:13:55,8.7758,,2.6784
2021-05-04 17:13:56,8.5536,8.6957,6.5501
2021-05-04 17:13:57,6.7115,10.5342,5.1057
2021-05-04 17:13:58,8.9498,10.0206,3.1587
2021-05-04 17:13:59,9.3456,10.6177,4.2427
2021-05-04 17:14:00,12.2443,11.9828,6.4203
2021-05-04 17:14:01,11.3397,11.5796,5.2512
2021-05-04 17:14:02,9.1472,12.2351,6.2008
2021-05-04 17:14:03,8.5937,10.6953,8.9781
2021-05-04 17:14:04,8.0081,9.6934,1.8908
2021-05-04 17:14:05,9.7315,10.738,8.2486
2021-05-04 17:14:06,9.4517,12.5166,5.2186
2021-05-04 17:14:07,9.6969,11.5423,3.2087
2021-05-04 17:14:08,11.1194,12.2122,2.3429
2021-05-04 17:14:09,9.6888,12.3033,4.6233
2021-05-04 17:14:10,8.8672,10.8976,6.8437
2021-05-04 17:14:11,9.8127,12.9009,4.7449
2021-05-04 17:14:12,8.5505,13.3462,8.0227
2021-05-04 17:14:13,8.504,12.4,2.0992
2021-05-04 17:14:14,8.3404,11.2568,4.9794
2021-05-04 17:14:15,8.6381,10.3425,2.5015
2021-05-04 17:14:16,8.8857,10.4514,5.7371
2021-05-04 17:14:17,,9.7307,6.788
2021-05-04 17:14:18,7.8693,10.7542,4.1778
2021-05-04 17:14:19,8.6603,9.6997,-0.1832
2021-05-04 17:14:20,8.6014,10.7432,5.4298
2021-05-04 17:14:21,7.0002,11.3582,5.9129
2021-05-04 17:14:22,7.0092,,5.8563
2021-05-04 17:14:23,6.9546,,7.5283
2021-05-04 17:14:24,5.6092,9.4132,2.9245
2021-05-04 17:14:25,6.5688,8.2481,6.4376
2021-05-04 17:14:26,7.3864,6.7507,7.4736
2021-05-04 17:14:27,6.9545,6.1668,1.5435
2021-05-04 17:14:28,5.9497,6.8718,5.753
2021-05-04 17:14:29,5.1787,6.8028,4.119
2021-05-04 17:14:30,6.492,6.4011,4.9788
2021-05-04 17:14:31,7.1603,5.7896,5.8524
2021-05-04 17:14:32,7.1999,8.0053,4.1986
2021-05-04 17:14:33,4.6693,7.5473,3.8384
2021-05-04 17:14:34,5.8551,7.2687,5.2757
2021-05-04 17:14:35,6.4234,6.882,3.0512
2021-05-04 17:14:36,6.4594,,3.0731
2021-05-04 17:14:37,7.6163,7.754,6.6233
2021-05-04 17:14:38,7.7198,7.8145,2.9875
2021-05-04 17:14:39,6.9792,7.863,6.639
2021-05-04 17:14:40,7.3525,7.7653,6.2535
2021-05-04 17:14:41,7.4896,10.2581,1.8995
2021-05-04 17:14:42,8.6654,9.8784,4.0195
2021-05-04 17:14:43,9.7427,9.7277,7.7871
2021-05-04 17:14:44,7.2273,9.2226,3.4615
2021-05-04 17:14:45,5.5328,8.972,4.5207
2021-05-04 17:14:46,6.1858,10.4606,6.4
2021-05-04 17:14:47,7.2491,9.8866,7.0698
2021-05-04 17:14:48,8.3811,7.648,5.0277
2021-05-04 17:14:49,8.132,9.0654,4.3643
2021-05-04 17:14:50,6.5269,10.5225,8.4333
2021-05-04 17:14:51,7.5118,9.8081,9.0963
2021-05-04 17:14:52,8.3527,12.1195,7.6068
2021-05-04 17:14:53,,12.1144,5.851
2021-05-04 17:14:54,8.7304,11.1322,4.0958
2021-05-04 17:14:55,9.668,10.2957,4.0841
2021-05-04 17:14:56,9.3983,10.1925,6.8234
2021-05-04 17:14:57,9.5963,10.8674,6.6492
2021-05-04 17:14:58,10.4284,10.6031,8.6502
2021-05-04 17:14:59,9.6507,10.0894,7.1832
2021-05-04 17:15:00,8.8291,10.879,2.9121
2021-05-04 17:15:01,9.6131,10.0468,8.0588
2021-05-04 17:15:02,,11.8157,3.996
2021-05-04 17:15:03,10.3523,13.851,5.2621
2021-05-04 17:15:04,9.743,12.4066,6.569
2021-05-04 17:15:05,8.0227,13.8699,10.099
2021-05-04 17:15:06,9.5443,13.1449,12.3673
2021-05-04 17:15:07,10.0899,11.7993,7.4012
2021-05-04 17:15:08,12.3686,12.0866,5.8623
2021-05-04 17:15:09,11.6847,13.3688,7.3393
2021-05-04 17:15:10,11.8341,,8.0877
2021-05-04 17:15:11,10.7445,14.343,5.7138
2021-05-04 17:15:12,12.7718,15.4687,9.9889
2021-05-04 17:15:13,14.1272,14.9181,6.9025
2021-05-04 17:15:14,12.383,15.1341,7.4822
2021-05-04 17:15:15,12.2507,16.1781,7.8636
2021-05-04 17:15:16,10.6186,17.4222,7.4204
2021-05-04 17:15:17,11.2595,16.1346,8.3012
2021-05-04 17:15:18,10.5964,14.0047,5.4354
2021-05-04 17:15:19,,13.8964,5.6005
2021-05-04 17:15:20,10.0684,12.6303,4.5644
2021-05-04 17:15:21,9.7382,14.287,7.6919
2021-05-04 17:15:22,9.9145,,8.4194
2021-05-04 17:15:23,9.6693,12.1095,7.8262
2021-05-04 17:15:24,6.9935,12.0671,10.3093
2021-05-04 17:15:25,7.5779,12.2486,6.9993
2021-05-04 17:15:26,10.1032,12.941,8.3986
2021-05-04 17:15:27,9.8916,11.7669,4.9287
2021-05-04 17:15:28,12.3509,11.9511,6.3895
2021-05-04 17:15:29,11.5497,12.5069,8.6067
2021-05-04 17:15:30,11.2843,12.6711,8.9662
2021-05-04 17:15:31,,12.3469,6.7329
2021-05-04 17:15:32,10.1883,11.906,7.2309
2021-05-04 17:15:33,9.3002,12.1689,4.3921
2021-05-04 17:15:34,9.1889,13.5991,6.7678
2021-05-04 17:15:35,7.0011,,9.3171
2021-05-04 17:15:36,9.5086,11.2737,8.7416
2021-05-04 17:15:37,9.0681,11.0493,8.6478
2021-05-04 17:15:38,7.65,10.3752,7.8016
2021-05-04 17:15:39,6.8195,12.0824,7.7722
2021-05-04 17:15:40,8.6258,12.8014,6.4938
2021-05-04 17:15:41,9.82,11.3372,9.2688
2021-05-04 17:15:42,9.1169,12.0231,8.7701
2021-05-04 17:15:43,8.0643,12.6549,8.9695
2021-05-04 17:15:44,8.4357,11.862,6.9911
2021-05-04 17:15:45,9.4883,12.121,3.7944
2021-05-04 17:15:46,9.2051,13.2538,10.3537
2021-05-04 17:15:47,8.5132,13.56,7.2603
2021-05-04 17:15:48,9.7644,12.7411,6.5512
2021-05-04 17:15:49,10.2094,11.3946,9.7229
2021-05-04 17:15:50,10.8495,11.4727,7.6113
2021-05-04 17:15:51,9.8665,12.8971,10.5748
2021-05-04 17:15:52,9.2816,11.3825,9.7488
2021-05-04 17:15:53,7.717,12.0683,9.942
2021-05-04 17:15:54,7.0351,13.4528,5.9033
2021-05-04 17:15:55,6.0332,14.3658,11.1197
2021-05-04 17:15:56,7.8074,13.1025,9.2791
2021-05-04 17:15:57,8.0408,12.9427,8.079
2021-05-04 17:15:58,8.6794,13.5656,9.1654
2021-05-04 17:15:59,9.403,13.2387,5.3875
2021-05-04 17:16:00,9.3662,12.9146,9.8188
2021-05-04 17:16:01,9.947,10.9947,7.0044
2021-05-04 17:16:02,8.3137,12.0285,6.4195
2021-05-04 17:16:03,8.8961,11.6015,6.1421
2021-05-04 17:16:04,9.066,11.908,11.4742
2021-05-04 17:16:05,8.6881,11.0613,8.0525
2021-05-04 17:16:06,8.9898,10.1083,12.4408
2021-05-04 17:16:07,9.2227,8.682,8.3641
2021-05-04 17:16:08,9.7215,9.7628,6.0835
2021-05-04 17:16:09,9.5136,11.2372,7.3277
2021-05-04 17:16:10,11.0724,12.4068,12.095
2021-05-04 17:16:11,8.8912,11.3604,9.3743
2021-05-04 17:16:12,8.3711,11.3926,8.6522
2021-05-04 17:16:13,9.156,10.5626,10.1316
2021-05-04 17:16:14,9.2085,10.0259,10.8779
2021-05-04 17:16:15,8.3396,8.9557,12.172
2021-05-04 17:16:16,7.2056,7.9808,12.897
2021-05-04 17:16:17,6.1642,9.3794,9.3433
2021-05-04 17:16:18,5.7414,11.8688,7.4736
2021-05-04 17:16:19,7.3861,,9.3615
2021-05-04 17:16:20,7.0775,11.74,10.7718
2021-05-04 17:16:21,7.2266,11.4295,8.3864
2021-05-04 17:16:22,10.4046,10.9929,8.4623
2021-05-04 17:16:23,11.1311,10.6721,11.1268
2021-05-04 17:16:24,10.3912,13.0347,10.4045
2021-05-04 17:16:25,9.7538,14.8184,10.6299
2021-05-04 17:16:26,10.9991,13.743,9.1097
2021-05-04 17:16:27,11.5804,14.6668,10.2282
2021-05-04 17:16:28,12.1614,12.9793,8.9027
2021-05-04 17:16:29,,13.0682,12.5936
2021-05-04 17:16:30,10.6564,13.7516,12.9456
2021-05-04 17:16:31,10.8875,12.2972,7.2445
2021-05-04 17:16:32,10.9609,,9.1395
2021-05-04 17:16:33,11.3576,14.2736,8.067
2021-05-04 17:16:34,12.139,14.6496,9.8213
2021-05-04 17:16:35,11.857,12.9865,11.0156
2021-05-04 17:16:36,11.8268,13.4683,8.3442
2021-05-04 17:16:37,11.744,12.3633,9.4605
2021-05-04 17:16:38,10.1124,13.7926,9.3568
2021-05-04 17:16:39,10.2977,14.238,11.8396
2021-05-04 17:16:40,10.5843,13.9797,11.6239
2021-05-04 17:16:41,11.6432,13.2846,10.1016
2021-05-04 17:16:42,11.4033,12.994,11.9584
2021-05-04 17:16:43,10.6466,12.8667,10.5707
2021-05-04 17:16:44,,12.444,11.1799
2021-05-04 17:16:45,11.7682,11.7102,15.129
2021-05-04 17:16:46,10.8929,11.7821,14.5215
2021-05-04 17:16:47,11.9284,12.3008,9.2997
2021-05-04 17:16:48,12.3419,11.2408,13.6163
2021-05-04 17:16:49,11.6545,12.8506,13.6373
2021-05-04 17:16:50,11.3106,14.1769,9.7754
2021-05-04 17:16:51,10.7355,15.513,13.7665
2021-05-04 17:16:52,13.4163,14.6946,15.2614
2021-05-04 17:16:53,12.3849,16.3924,9.9968
2021-05-04 17:16:54,14.0274,15.568,10.4629
2021-05-04 17:16:55,13.0126,15.4781,14.3888
2021-05-04 17:16:56,11.36,14.5664,12.9518
2021-05-04 17:16:57,10.3611,,13.5666
2021-05-04 17:16:58,10.4496,13.7323,13.1993
2021-05-04 17:16:59,12.1117,12.5774,13.3536
2021-05-04 17:17:00,12.478,12.7702,9.9729
2021-05-04 17:17:01,11.7392,13.8866,14.7738
2021-05-04 17:17:02,10.372,14.3395,15.0712
2021-05-04 17:17:03,10.7948,14.5385,12.3256
2021-05-04 17:17:04,11.2532,16.745,12.7494
2021-05-04 17:17:05,11.0885,15.6157,9.8256
2021-05-04 17:17:06,10.7619,14.6548,13.9674
2021-05-04 17:17:07,10.3269,15.5652,14.1336
2021-05-04 17:17:08,12.2624,14.4468,12.9153
2021-05-04 17:17:09,11.1407,14.9813,15.338
2021-05-04 17:17:10,10.7425,15.3461,12.4703
2021-05-04 17:17:11,11.2919,13.4097,14.3163
2021-05-04 17:17:12,12.6338,15.282,11.196
2021-05-04 17:17:13,11.7873,14.8647,13.2358
2021-05-04 17:17:14,12.0099,15.0836,12.9814
2021-05-04 17:17:15,12.5822,16.9791,13.8273
2021-05-04 17:17:16,12.5264,15.8014,12.6837
2021-05-04 17:17:17,11.0494,14.9155,13.2053
2021-05-04 17:17:18,11.1846,,15.1653
2021-05-04 17:17:19,11.099,16.1102,12.6841
2021-05-04 17:17:20,11.4749,16.7963,10.3884
2021-05-04 17:17:21,14.4186,15.7012,17.144
2021-05-04 17:17:22,13.2438,16.9888,16.4505
2021-05-04 17:17:23,13.8503,18.5865,11.1452
2021-05-04 17:17:24,14.4965,,15.1507
2021-05-04 17:17:25,14.7942,18.732,12.8063
2021-05-04 17:17:26,15.4228,18.9517,14.3795
2021-05-04 17:17:27,16.153,19.9152,14.4808
2021-05-04 17:17:28,17.1723,20.3115,13.4626
2021-05-04 17:17:29,16.4158,,12.4024
2021-05-04 17:17:30,17.2636,19.2305,12.6268
2021-05-04 17:17:31,16.7993,18.9438,12.2127
2021-05-04 17:17:32,16.077,20.2933,12.4181
2021-05-04 17:17:33,16.0037,19.9965,13.9833
2021-05-04 17:17:34,14.342,20.4442,12.7215
2021-05-04 17:17:35,15.2737,21.887,15.5517
2021-05-04 17:17:36,15.2612,21.2835,17.1961
2021-05-04 17:17:37,15.689,22.1565,13.0949
2021-05-04 17:17:38,15.8183,,14.7664
2021-05-04 17:17:39,16.5091,21.1639,15.319
2021-05-04 17:17:40,15.8427,20.927,15.2949
2021-05-04 17:17:41,16.8489,19.3836,14.5334
2021-05-04 17:17:42,16.304,18.6766,15.8968
2021-05-04 17:17:43,16.8431,17.1789,15.4052
2021-05-04 17:17:44,15.167,17.9889,11.9939
2021-05-04 17:17:45,16.2802,17.8588,16.2353
2021-05-04 17:17:46,14.9127,19.9242,16.2987
2021-05-04 17:17:47,13.4757,17.2231,13.024
2021-05-04 17:17:48,13.8177,16.4716,14.6521
2021-05-04 17:17:49,12.4455,17.1492,15.9678
2021-05-04 17:17:50,12.8855,16.1444,14.2068
2021-05-04 17:17:51,11.4684,,16.7948
2021-05-04 17:17:52,12.5511,16.1865,19.3994
2021-05-04 17:17:53,14.3697,14.8893,13.1217
2021-05-04 17:17:54,12.0111,14.5935,11.9529
2021-05-04 17:17:55,11.7809,14.8204,15.3431
2021-05-04 17:17:56,11.4695,15.0645,16.1984
2021-05-04 17:17:57,10.29,16.2893,14.3126
2021-05-04 17:17:58,10.8787,16.7067,17.6991
2021-05-04 17:17:59,11.7992,,12.1329
2021-05-04 17:18:00,12.6288,,16.2127
2021-05-04 17:18:01,13.284,17.5596,13.6312
2021-05-04 17:18:02,13.5073,,18.2969
2021-05-04 17:18:03,13.448,18.9723,18.8577
2021-05-04 17:18:04,13.0317,20.1684,13.353
2021-05-04 17:18:05,13.6157,17.8103,13.8002
2021-05-04 17:18:06,13.7212,16.7903,16.6306
2021-05-04 17:18:07,14.3035,16.0239,14.1486
2021-05-04 17:18:08,13.2711,14.2903,14.8426
2021-05-04 17:18:09,12.1955,12.1625,14.994
2021-05-04 17:18:10,9.8854,13.4295,11.113
2021-05-04 17:18:11,10.8915,13.6462,14.9329
2021-05-04 17:18:12,9.8863,13.5475,13.5886
2021-05-04 17:18:13,10.1263,12.1569,13.9885
2021-05-04 17:18:14,11.5232,13.1282,17.8679
2021-05-04 17:18:15,10.9709,,12.4728
2021-05-04 17:18:16,11.0548,11.3197,16.6165
2021-05-04 17:18:17,10.2552,11.0848,14.4358
2021-05-04 17:18:18,8.8939,11.1377,14.4369
2021-05-04 17:18:19,10.751,11.8298,16.5792
2021-05-04 17:18:20,9.8205,12.6866,15.6797
2021-05-04 17:18:21,11.311,13.538,16.1412
2021-05-04 17:18:22,11.1849,12.9457,16.936
2021-05-04 17:18:23,11.6168,,14.3358
2021-05-04 17:18:24,12.2244,14.2482,13.772
2021-05-04 17:18:25,12.9562,13.8082,12.8234
2021-05-04 17:18:26,13.6484,14.3354,13.3393
2021-05-04 17:18:27,14.9962,14.0088,20.884
2021-05-04 17:18:28,15.5351,14.9042,17.47
2021-05-04 17:18:29,13.704,15.0465,12.2726
2021-05-04 17:18:30,12.7817,15.7022,12.3231
2021-05-04 17:18:31,13.1105,15.0444,15.9243
2021-05-04 17:18:32,12.6619,17.2999,16.0468
2021-05-04 17:18:33,14.5508,17.3086,16.041
2021-05-04 17:18:34,14.1853,17.3771,14.4235
2021-05-04 17:18:35,14.5186,16.2159,14.6719
2021-05-04 17:18:36,13.6488,14.7079,15.5672
2021-05-04 17:18:37,13.395,15.6433,15.0711
2021-05-04 17:18:38,12.522,17.2676,10.4477
2021-05-04 17:18:39,11.4931,15.3541,14.413
2021-05-04 17:18:40,,,13.1553
2021-05-04 17:18:41,13.698,15.3124,15.1933
2021-05-04 17:18:42,14.2298,15.451,20.7974
2021-05-04 17:18:43,13.3784,16.5904,15.5451
2021-05-04 17:18:44,13.8353,14.8716,14.1655
2021-05-04 17:18:45,,16.5445,16.6179
2021-05-04 17:18:46,13.4282,17.0585,15.7207
2021-05-04 17:18:47,13.8055,17.0931,15.5757
2021-05-04 17:18:48,13.0322,16.264,15.9287
2021-05-04 17:18:49,12.8498,17.2903,18.8068
2021-05-04 17:18:50,13.4965,16.5316,12.4099
2021-05-04 17:18:51,14.0256,13.576,15.5961
2021-05-04 17:18:52,14.1819,12.4262,12.7726
2021-05-04 17:18:53,12.5501,12.1577,15.7122
2021-05-04 17:18:54,10.4219,13.897,12.7388
2021-05-04 17:18:55,10.1071,14.0485,13.7158
2021-05-04 17:18:56,10.3377,14.2373,13.934
2021-05-04 17:18:57,10.6607,12.6744,16.4487
2021-05-04 17:18:58,11.4936,12.2779,16.3061
2021-05-04 17:18:59,9.4445,12.1929,11.9492
2021-05-04 17:19:00,11.0505,12.9934,14.5213
2021-05-04 17:19:01,10.4854,12.7556,12.9624
2021-05-04 17:19:02,10.0693,14.8783,11.8339
2021-05-04 17:19:03,10.9061,14.8465,13.8856
2021-05-04 17:19:04,12.1338,14.7972,13.6707
2021-05-04 17:19:05,11.6941,14.5682,19.1084
2021-05-04 17:19:06,11.5279,14.4562,15.0876
2021-05-04 17:19:07,12.1884,14.4225,11.4324
2021-05-04 17:19:08,12.649,14.3949,13.0234
2021-05-04 17:19:09,12.3119,12.5475,16.1604
2021-05-04 17:19:10,12.5442,13.3469,18.2586
2021-05-04 17:19:11,12.9483,10.7901,10.8731
2021-05-04 17:19:12,13.8102,11.5822,10.248
2021-05-04 17:19:13,,11.4879,17.7119
2021-05-04 17:19:14,12.9246,11.3552,14.7107
2021-05-04 17:19:15,11.1945,14.0831,12.1557
2021-05-04 17:19:16,10.9621,14.2228,14.9218
2021-05-04 17:19:17,11.8881,14.5664,8.5407
2021-05-04 17:19:18,11.8854,14.8957,13.778
2021-05-04 17:19:19,14.2023,14.736,14.3853
2021-05-04 17:19:20,,16.1799,15.5361
2021-05-04 17:19:21,14.3544,17.3489,11.6171
2021-05-04 17:19:22,14.6566,16.107,13.7729
2021-05-04 17:19:23,15.6145,15.1706,11.7068
2021-05-04 17:19:24,14.7669,15.0051,14.024
2021-05-04 17:19:25,13.7737,15.7862,11.6776
2021-05-04 17:19:26,,16.3056,12.6065
2021-05-04 17:19:27,14.909,16.7221,11.385
2021-05-04 17:19:28,14.0365,17.8236,14.6323
2021-05-04 17:19:29,15.0798,16.3385,14.9998
2021-05-04 17:19:30,14.9209,17.288,12.766
2021-05-04 17:19:31,14.1047,18.6903,13.2636
2021-05-04 17:19:32,13.9613,18.3987,10.2413
2021-05-04 17:19:33,13.7796,18.0268,12.4899
2021-05-04 17:19:34,12.6548,16.2373,12.9392
2021-05-04 17:19:35,14.2003,15.1738,18.2311
2021-05-04 17:19:36,12.4836,13.3258,10.715
2021-05-04 17:19:37,11.2647,12.3342,15.8162
2021-05-04 17:19:38,12.4942,13.6301,14.8301
2021-05-04 17:19:39,11.2838,16.1554,13.3457
2021-05-04 17:19:40,12.6115,15.3562,16.2492
2021-05-04 17:19:41,9.8999,17.5982,13.4233
2021-05-04 17:19:42,9.56,14.9132,13.4042
2021-05-04 17:19:43,,16.7823,12.466
2021-05-04 17:19:44,,16.7292,14.9653
2021-05-04 17:19:45,13.5957,17.3525,14.6566
2021-05-04 17:19:46,14.2464,17.3823,11.1574
2021-05-04 17:19:47,14.0532,17.1926,9.715
2021-05-04 17:19:48,13.0218,16.784,11.8919
2021-05-04 17:19:49,11.2791,16.4332,10.6418
2021-05-04 17:19:50,,14.7988,12.0585
2021-05-04 17:19:51,11.125,15.8697,14.6038
2021-05-04 17:19:52,12.3798,13.8503,11.1573
2021-05-04 17:19:53,10.9463,14.997,11.9289
2021-05-04 17:19:54,10.1793,14.4622,12.0729
2021-05-04 17:19:55,,13.1373,13.5958
2021-05-04 17:19:56,10.9804,11.8894,7.3468
2021-05-04 17:19:57,9.9628,12.5274,10.5687
2021-05-04 17:19:58,8.3865,12.9549,12.1458
2021-05-04 17:19:59,8.9419,13.0937,14.0643
2021-05-04 17:20:00,9.602,14.1275,10.6209
2021-05-04 17:20:01,10.1721,13.293,7.792
2021-05-04 17:20:02,10.4014,13.7121,12.7246
2021-05-04 17:20:03,10.5722,13.5906,10.1544
2021-05-04 17:20:04,9.9167,12.824,8.9854
2021-05-04 17:20:05,8.6039,14.4921,10.0555
2021-05-04 17:20:06,8.1773,13.1216,10.8744
2021-05-04 17:20:07,8.13,13.5276,9.973
2021-05-04 17:20:08,8.6016,14.1958,6.7102
2021-05-04 17:20:09,8.6868,13.856,12.8542
2021-05-04 17:20:10,8.5166,15.4673,13.5483
2021-05-04 17:20:11,,14.887,12.24
2021-05-04 17:20:12,9.9684,14.4969,8.5997
2021-05-04 17:20:13,10.192,13.9614,10.4102
2021-05-04 17:20:14,10.4705,13.5605,10.7381
2021-05-04 17:20:15,11.5053,15.653,11.8865
2021-05-04 17:20:16,11.1268,13.9537,11.9633
2021-05-04 17:20:17,10.9912,16.468,9.0959
2021-05-04 17:20:18,10.6838,,10.6658
2021-05-04 17:20:19,13.1587,16.0926,11.3538
2021-05-04 17:20:20,13.4986,17.6342,13.2883
2021-05-04 17:20:21,13.0967,17.1035,11.723
2021-05-04 17:20:22,12.5067,15.7874,11.8293
2021-05-04 17:20:23,11.7629,14.4073,10.3561
2021-05-04 17:20:24,11.6496,13.6085,12.9466
2021-05-04 17:20:25,11.6102,12.1608,10.8824
2021-05-04 17:20:26,11.3902,13.3842,8.2778
2021-05-04 17:20:27,9.1562,13.8594,12.7439
2021-05-04 17:20:28,10.9089,12.2092,11.2702
2021-05-04 17:20:29,12.2506,12.8681,8.9255
2021-05-04 17:20:30,10.9441,13.1889,8.7898
2021-05-04 17:20:31,11.3569,13.3159,10.2792
2021-05-04 17:20:32,11.6518,12.5034,10.5497
2021-05-04 17:20:33,11.3263,11.4194,9.9553
2021-05-04 17:20:34,10.6011,10.9969,10.1208
2021-05-04 17:20:35,9.3846,12.6538,12.8356
2021-05-04 17:20:36,10.6913,13.1091,11.5164
2021-05-04 17:20:37,,12.8091,9.6923
2021-05-04 17:20:38,10.9343,12.7917,11.1315
2021-05-04 17:20:39,13.0317,13.3135,7.1218
2021-05-04 17:20:40,12.4769,13.4481,9.9207
2021-05-04 17:20:41,12.057,13.6014,12.6817
2021-05-04 17:20:42,12.3683,14.7492,8.5654
2021-05-04 17:20:43,11.3216,13.4418,7.2447
2021-05-04 17:20:44,9.2773,14.0257,7.5745
2021-05-04 17:20:45,8.6959,11.4232,6.6382
2021-05-04 17:20:46,9.2603,13.8707,7.187
2021-05-04 17:20:47,9.7503,14.2871,7.9548
2021-05-04 17:20:48,10.2645,13.7809,5.8241
2021-05-04 17:20:49,11.3604,13.2873,8.6061
2021-05-04 17:20:50,11.3771,13.7236,10.3193
2021-05-04 17:20:51,10.5406,14.7464,
2021-05-04 17:20:52,10.6527,13.6495,
2021-05-04 17:20:53,11.2233,12.6517,
2021-05-04 17:20:54,10.9148,,
2021-05-04 17:20:55,,13.4432,
2021-05-04 17:20:56,11.422,14.4318,
2021-05-04 17:20:57,12.772,14.8877,
2021-05-04 17:20:58,12.4283,13.6527,
2021-05-04 17:20:59,10.8652,13.6026,
2021-05-04 17:21:00,10.2166,13.3681,
2021-05-04 17:21:01,10.3819,13.7675,
2021-05-04 17:21:02,10.4504,14.0769,
2021-05-04 17:21:03,10.6951,11.8761,
2021-05-04 17:21:04,9.4225,11.9958,
2021-05-04 17:21:05,8.2852,12.5811,
2021-05-04 17:21:06,10.3466,13.4407,
2021-05-04 17:21:07,,14.8126,
2021-05-04 17:21:08,10.7633,14.0564,
2021-05-04 17:21:09,10.2322,13.5954,
2021-05-04 17:21:10,9.9934,13.5931,
2021-05-04 17:21:11,10.3746,13.3762,
2021-05-04 17:21:12,10.8744,14.4666,
2021-05-04 17:21:13,11.955,12.7632,
2021-05-04 17:21:14,8.8672,14.0359,
2021-05-04 17:21:15,8.1473,13.2774,
2021-05-04 17:21:16,7.6885,10.9494,
2021-05-04 17:21:17,8.6133,11.5564,
2021-05-04 17:21:18,8.2641,8.8767,
2021-05-04 17:21:19,7.5139,9.646,
2021-05-04 17:21:20,6.2101,9.9029,
2021-05-04 17:21:21,6.8123,10.2437,
2021-05-04 17:21:22,7.4369,,
2021-05-04 17:21:23,8.7193,9.0963,
2021-05-04 17:21:24,8.3955,8.5876,
2021-05-04 17:21:25,7.6511,8.1644,
2021-05-04 17:21:26,7.3157,10.2734,
2021-05-04 17:21:27,6.3038,8.5683,
2021-05-04 17:21:28,8.0975,8.4061,
2021-05-04 17:21:29,7.1804,9.8843,
2021-05-04 17:21:30,6.8975,11.6695,
2021-05-04 17:21:31,8.3401,10.7272,
2021-05-04 17:21:32,10.6408,10.1441,
2021-05-04 17:21:33,10.7195,11.0427,
2021-05-04 17:21:34,11.5139,13.0396,
2021-05-04 17:21:35,11.1997,12.481,
2021-05-04 17:21:36,11.2959,12.047,
2021-05-04 17:21:37,12.8299,12.5333,
2021-05-04 17:21:38,11.6223,13.2773,
2021-05-04 17:21:39,9.944,12.4747,
2021-05-04 17:21:40,11.1561,,
2021-05-04 17:21:41,9.6247,12.7172,
2021-05-04 17:21:42,,13.3177,
2021-05-04 17:21:43,11.8361,12.5906,
2021-05-04 17:21:44,9.8816,14.4411,
2021-05-04 17:21:45,9.9826,13.7783,
2021-05-04 17:21:46,11.5717,14.0754,
2021-05-04 17:21:47,11.8712,16.2397,
2021-05-04 17:21:48,11.4142,16.7938,
2021-05-04 17:21:49,11.9057,16.4865,
2021-05-04 17:21:50,13.6598,16.5782,
2021-05-04 17:21:51,13.9158,17.567,
2021-05-04 17:21:52,13.3895,16.4976,
2021-05-04 17:21:53,12.1273,14.4096,
2021-05-04 17:21:54,13.9273,13.3499,
2021-05-04 17:21:55,12.6978,13.6886,
2021-05-04 17:21:56,12.4336,14.8062,
2021-05-04 17:21:57,13.0252,14.2486,
2021-05-04 17:21:58,12.3003,14.7865,
2021-05-04 17:21:59,11.8188,16.3966,
2021-05-04 17:22:00,,16.7159,
2021-05-04 17:22:01,13.2865,17.5549,
2021-05-04 17:22:02,13.4925,15.9044,
2021-05-04 17:22:03,13.5253,15.2706,
2021-05-04 17:22:04,12.4932,16.0079,
2021-05-04 17:22:05,13.6851,,
2021-05-04 17:22:06,13.5537,17.6003,
2021-05-04 17:22:07,13.7484,19.8926,
2021-05-04 17:22:08,14.6679,17.403,
2021-05-04 17:22:09,15.0015,17.7372,
2021-05-04 17:22:10,15.8382,18.3632,
2021-05-04 17:22:11,15.1209,17.1339,
2021-05-04 17:22:12,,16.3808,
2021-05-04 17:22:13,13.2073,17.0537,
2021-05-04 17:22:14,14.8258,17.1791,
2021-05-04 17:22:15,13.118,17.653,
2021-05-04 17:22:16,14.4098,16.6362,
2021-05-04 17:22:17,13.7801,16.7056,
2021-05-04 17:22:18,12.7023,17.2688,
2021-05-04 17:22:19,12.7244,17.275,
2021-05-04 17:22:20,,16.4275,
2021-05-04 17:22:21,12.8901,15.6641,
2021-05-04 17:22:22,14.3829,15.2096,
2021-05-04 17:22:23,,16.4769,
2021-05-04 17:22:24,12.0612,14.6876,
2021-05-04 17:22:25,10.3547,15.9249,
2021-05-04 17:22:26,10.3814,17.8691,
2021-05-04 17:22:27,10.7766,17.0561,
2021-05-04 17:22:28,12.9969,18.3063,
2021-05-04 17:22:29,15.3206,18.9528,
2021-05-04 17:22:30,16.039,19.3189,
2021-05-04 17:22:31,16.3695,18.6117,
2021-05-04 17:22:32,14.8628,18.6599,
2021-05-04 17:22:33,14.4657,17.9472,
2021-05-04 17:22:34,14.9119,18.7062,
2021-05-04 17:22:35,14.768,19.9249,
2021-05-04 17:22:36,13.6809,,
2021-05-04 17:22:37,13.1997,16.7295,
2021-05-04 17:22:38,13.003,,
2021-05-04 17:22:39,14.3959,16.8529,
2021-05-04 17:22:40,12.9235,18.7156,
2021-05-04 17:22:41,14.5106,,
2021-05-04 17:22:42,14.1588,17.3541,
2021-05-04 17:22:43,13.5098,18.3038,
2021-05-04 17:22:44,15.5022,19.3882,
2021-05-04 17:22:45,14.7403,17.9914,
2021-05-04 17:22:46,14.5574,16.0728,
2021-05-04 17:22:47,,16.1221,
2021-05-04 17:22:48,13.2179,14.6485,
2021-05-04 17:22:49,13.1958,14.3297,
2021-05-04 17:22:50,11.4331,11.7307,
2021-05-04 17:22:51,10.8218,13.9434,
2021-05-04 17:22:52,,13.362,
2021-05-04 17:22:53,11.3378,14.1634,
2021-05-04 17:22:54,10.2708,14.4001,
2021-05-04 17:22:55,11.3356,,
2021-05-04 17:22:56,11.395,14.8044,
2021-05-04 17:22:57,10.5594,13.7956,
2021-05-04 17:22:58,10.4242,,
2021-05-04 17:22:59,11.5137,12.9943,
2021-05-04 17:23:00,12.6511,12.927,
2021-05-04 17:23:01,11.9198,12.6246,
2021-05-04 17:23:02,8.9446,,
2021-05-04 17:23:03,10.2716,13.1018,
2021-05-04 17:23:04,10.3775,13.5517,
2021-05-04 17:23:05,8.912,12.8878,
2021-05-04 17:23:06,10.1102,11.3383,
2021-05-04 17:23:07,10.1384,10.2361,
2021-05-04 17:23:08,10.1105,10.6809,
2021-05-04 17:23:09,8.0984,12.2316,
2021-05-04 17:23:10,7.8806,11.0947,
2021-05-04 17:23:11,8.4359,12.1005,
2021-05-04 17:23:12,7.8094,11.9293,
2021-05-04 17:23:13,8.7813,,
2021-05-04 17:23:14,9.283,11.728,
2021-05-04 17:23:15,8.5161,11.8251,
2021-05-04 17:23:16,7.7542,8.742,
2021-05-04 17:23:17,8.1129,9.9484,
2021-05-04 17:23:18,5.8058,9.0715,
2021-05-04 17:23:19,6.9975,10.9759,
2021-05-04 17:23:20,7.6142,,
2021-05-04 17:23:21,,11.3595,
2021-05-04 17:23:22,7.4722,10.3159,11.3782
2021-05-04 17:23:23,,9.2938,6.7296
2021-05-04 17:23:24,7.5991,11.0219,4.0604
2021-05-04 17:23:25,8.3468,10.585,5.9168
2021-05-04 17:23:26,8.168,9.0742,2.5949
2021-05-04 17:23:27,8.9155,9.3151,6.0266
2021-05-04 17:23:28,8.4234,12.9283,4.5626
2021-05-04 17:23:29,9.2808,11.7755,8.1011
2021-05-04 17:23:30,8.9253,12.925,5.2134
2021-05-04 17:23:31,,11.1868,6.1216
2021-05-04 17:23:32,10.2688,10.6705,5.1273
2021-05-04 17:23:33,,12.1702,9.92
2021-05-04 17:23:34,10.6736,13.8563,5.8443
2021-05-04 17:23:35,10.8106,14.5725,10.1968
2021-05-04 17:23:36,11.4667,13.4738,8.2056
2021-05-04 17:23:37,10.5779,14.6023,7.5875
2021-05-04 17:23:38,10.4902,13.8938,7.4074
2021-05-04 17:23:39,9.6668,14.1367,7.5047
2021-05-04 17:23:40,12.1566,12.6752,2.9094
2021-05-04 17:23:41,11.5689,,6.2551
2021-05-04 17:23:42,11.4153,14.8531,8.5519
2021-05-04 17:23:43,10.3989,15.0938,6.8129
2021-05-04 17:23:44,10.6109,15.6406,4.15
2021-05-04 17:23:45,12.2431,17.7242,6.9057
2021-05-04 17:23:46,13.1947,17.4538,10.4693
2021-05-04 17:23:47,13.4214,16.7488,9.6059
2021-05-04 17:23:48,13.5832,16.2879,7.0396
2021-05-04 17:23:49,,,9.1185
2021-05-04 17:23:50,12.4104,18.3784,6.535
2021-05-04 17:23:51,14.1801,17.5667,3.9131
2021-05-04 17:23:52,11.8175,16.7816,5.5252
2021-05-04 17:23:53,13.4256,16.2659,10.5536
2021-05-04 17:23:54,12.1518,15.6931,6.9339
2021-05-04 17:23:55,12.9855,16.0315,7.0496
2021-05-04 17:23:56,12.5572,15.5555,6.9916
2021-05-04 17:23:57,12.0094,14.5334,11.4548
2021-05-04 17:23:58,13.4286,14.2063,10.954
2021-05-04 17:23:59,13.9585,16.0721,12.1956
2021-05-04 17:24:00,14.4837,15.7177,7.4963
2021-05-04 17:24:01,14.1858,15.9467,8.4624
2021-05-04 17:24:02,12.7157,,4.8948
2021-05-04 17:24:03,11.5058,17.366,10.9393
2021-05-04 17:24:04,11.5626,16.8951,5.7076
2021-05-04 17:24:05,12.2561,16.0697,8.5347
2021-05-04 17:24:06,12.8799,15.3321,5.9648
2021-05-04 17:24:07,13.4536,13.9956,7.0402
2021-05-04 17:24:08,12.8431,16.3262,6.6023
2021-05-04 17:24:09,11.755,15.4518,7.1202
2021-05-04 17:24:10,12.3328,15.392,7.317
2021-05-04 17:24:11,12.562,15.7694,7.3584
2021-05-04 17:24:12,13.082,16.7376,10.1815
2021-05-04 17:24:13,13.4147,16.2652,6.3652
2021-05-04 17:24:14,13.8159,18.095,9.0763
2021-05-04 17:24:15,13.6575,16.7647,11.1317
2021-05-04 17:24:16,14.5203,16.5229,7.7302
2021-05-04 17:24:17,11.7961,17.4698,7.3817
2021-05-04 17:24:18,11.7159,16.7445,8.4176
2021-05-04 17:24:19,12.382,16.4293,11.2994
2021-05-04 17:24:20,13.1627,15.6843,9.3897
2021-05-04 17:24:21,13.3639,15.4205,8.0007
2021-05-04 17:24:22,13.6776,16.1245,10.0926
2021-05-04 17:24:23,12.3638,17.2211,6.9822
2021-05-04 17:24:24,12.0629,17.5577,10.6116
2021-05-04 17:24:25,12.8229,18.7969,10.1283
2021-05-04 17:24:26,13.0119,17.7528,8.7577
2021-05-04 17:24:27,13.1395,17.0014,7.7585
2021-05-04 17:24:28,13.8979,15.1127,7.7248
2021-05-04 17:24:29,12.1974,14.302,10.6304
2021-05-04 17:24:30,12.8489,16.0917,12.0813
2021-05-04 17:24:31,12.6081,15.7743,8.4114
2021-05-04 17:24:32,12.5506,16.8029,10.6656
2021-05-04 17:24:33,11.7186,16.6908,5.6375
2021-05-04 17:24:34,13.0164,16.6975,8.7051
2021-05-04 17:24:35,13.1406,17.4623,9.8751
2021-05-04 17:24:36,10.4876,17.7758,8.1806
2021-05-04 17:24:37,10.7424,14.9876,8.1898
2021-05-04 17:24:38,11.5284,16.0122,8.7901
2021-05-04 17:24:39,11.6349,16.5683,10.7728
2021-05-04 17:24:40,13.5704,,9.8766
2021-05-04 17:24:41,15.1185,17.8734,5.8375
2021-05-04 17:24:42,14.7331,16.2205,6.1352
2021-05-04 17:24:43,13.8112,15.5798,9.2255
2021-05-04 17:24:44,15.4547,,11.4172
2021-05-04 17:24:45,,16.5826,5.0693
2021-05-04 17:24:46,14.0462,18.3714,9.6272
2021-05-04 17:24:47,13.384,18.201,9.6365
2021-05-04 17:24:48,12.7665,,13.5278
2021-05-04 17:24:49,12.1083,16.1503,10.0431
2021-05-04 17:24:50,11.7766,15.1495,11.6411
2021-05-04 17:24:51,10.3672,14.8918,11.2194
2021-05-04 17:24:52,9.2307,15.2469,6.7374
2021-05-04 17:24:53,10.0933,13.0861,12.5964
2021-05-04 17:24:54,9.8733,12.2354,11.5521
2021-05-04 17:24:55,10.1776,13.6034,12.199
2021-05-04 17:24:56,8.4698,,19.0959
2021-05-04 17:24:57,8.9754,13.6919,7.136
2021-05-04 17:24:58,9.7344,12.4967,14.8142
2021-05-04 17:24:59,9.4943,11.6482,10.8502
2021-05-04 17:25:00,10.5517,11.7387,12.0599
2021-05-04 17:25:01,12.1351,11.9406,11.4541
2021-05-04 17:25:02,10.6743,10.9658,10.7562
2021-05-04 17:25:03,8.362,9.8234,10.5244
2021-05-04 17:25:04,8.5852,10.5398,12.3822
2021-05-04 17:25:05,7.0364,11.544,8.7477
2021-05-04 17:25:06,7.2512,11.2892,13.3418
2021-05-04 17:25:07,9.4459,11.8785,11.0665
2021-05-04 17:25:08,9.2193,11.0008,9.6967
2021-05-04 17:25:09,7.0019,10.4253,11.1145
2021-05-04 17:25:10,7.2752,9.2535,14.5862
2021-05-04 17:25:11,7.3121,9.4347,11.0582
2021-05-04 17:25:12,7.2805,8.8602,12.9025
2021-05-04 17:25:13,7.5371,9.4862,10.78
2021-05-04 17:25:14,6.5828,11.0073,13.8137
2021-05-04 17:25:15,7.2108,10.6412,13.7245
2021-05-04 17:25:16,8.384,10.6884,16.106
2021-05-04 17:25:17,9.4596,11.0146,12.1125
2021-05-04 17:25:18,8.7122,11.5651,13.8554
2021-05-04 17:25:19,7.7679,11.6031,12.7683
2021-05-04 17:25:20,8.2249,11.1279,15.2176
2021-05-04 17:25:21,8.3545,9.1655,11.2415
2021-05-04 17:25:22,7.6325,9.5961,14.222
2021-05-04 17:25:23,7.9218,8.6757,12.395
2021-05-04 17:25:24,9.0461,8.1588,12.708
2021-05-04 17:25:25,9.4335,9.2634,13.0714
2021-05-04 17:25:26,8.3099,11.5728,13.4434
2021-05-04 17:25:27,7.4379,12.3394,12.7571
2021-05-04 17:25:28,9.175,11.1884,13.4691
2021-05-04 17:25:29,,11.0357,16.2455
2021-05-04 17:25:30,10.3827,11.6994,15.1094
2021-05-04 17:25:31,9.9734,12.7469,14.9254
2021-05-04 17:25:32,10.8243,10.9436,12.3242
2021-05-04 17:25:33,11.5701,9.7573,11.5044
2021-05-04 17:25:34,11.583,11.7465,15.2407
2021-05-04 17:25:35,9.8665,11.803,15.1288
2021-05-04 17:25:36,8.6614,11.7008,16.3681
2021-05-04 17:25:37,,12.3726,12.2603
2021-05-04 17:25:38,10.3014,13.5128,13.0542
2021-05-04 17:25:39,9.8514,13.1613,10.2787
2021-05-04 17:25:40,8.3448,12.1934,12.8166
2021-05-04 17:25:41,9.7449,13.5393,15.638
2021-05-04 17:25:42,8.7949,12.6879,12.7546
2021-05-04 17:25:43,9.1676,12.6895,15.0107
2021-05-04 17:25:44,8.6456,12.9092,13.3903
2021-05-04 17:25:45,8.6599,12.542,14.4603
2021-05-04 17:25:46,9.6166,12.272,11.5572
2021-05-04 17:25:47,9.2497,12.1313,14.0627
2021-05-04 17:25:48,9.3127,11.685,7.9492
2021-05-04 17:25:49,,13.3092,13.5962
2021-05-04 17:25:50,10.0907,12.6713,10.7469
2021-05-04 17:25:51,10.7947,12.3213,16.4571
2021-05-04 17:25:52,11.6937,12.8857,15.6365
2021-05-04 17:25:53,11.1554,13.595,15.051
2021-05-04 17:25:54,9.4569,12.4803,17.195
2021-05-04 17:25:55,8.422,,12.2898
2021-05-04 17:25:56,10.6316,14.4305,17.7164
2021-05-04 17:25:57,11.4663,14.6716,16.1194
2021-05-04 17:25:58,9.6597,13.9879,13.8145
2021-05-04 17:25:59,9.2716,13.0014,16.5909
2021-05-04 17:26:00,9.4222,12.2833,12.1383
2021-05-04 17:26:01,7.5729,12.959,12.7325
2021-05-04 17:26:02,7.3201,12.621,13.1943
2021-05-04 17:26:03,10.2224,11.1415,13.3827
2021-05-04 17:26:04,7.3537,11.1716,12.3561
2021-05-04 17:26:05,8.9829,12.8664,16.9432
2021-05-04 17:26:06,8.1317,13.0864,14.0064
2021-05-04 17:26:07,8.3442,12.4895,15.2555
2021-05-04 17:26:08,11.4832,10.6575,13.4355
2021-05-04 17:26:09,10.9234,11.7903,10.96
2021-05-04 17:26:10,11.5903,12.2149,15.1655
2021-05-04 17:26:11,11.3642,,10.8244
2021-05-04 17:26:12,11.1637,12.1883,14.5344
2021-05-04 17:26:13,11.3739,,11.957
2021-05-04 17:26:14,,12.4365,18.6895
2021-05-04 17:26:15,11.9964,12.6502,16.5582
2021-05-04 17:26:16,9.6545,14.2813,14.9668
2021-05-04 17:26:17,9.2087,13.2022,17.3017
2021-05-04 17:26:18,8.9909,14.2779,13.1
2021-05-04 17:26:19,7.5135,16.8583,15.8971
2021-05-04 17:26:20,10.1872,15.7126,15.2265
2021-05-04 17:26:21,10.7186,15.393,15.371
2021-05-04 17:26:22,11.6028,15.6034,17.4029
2021-05-04 17:26:23,12.2982,15.3928,16.3376
2021-05-04 17:26:24,11.99,15.1226,15.4638
2021-05-04 17:26:25,11.7226,16.1299,11.5895
2021-05-04 17:26:26,12.5254,12.808,12.9913
2021-05-04 17:26:27,12.4853,13.4462,14.6774
2021-05-04 17:26:28,11.9102,13.3655,15.1202
2021-05-04 17:26:29,12.6344,14.522,12.6829
2021-05-04 17:26:30,11.4756,15.0515,19.7757
2021-05-04 17:26:31,10.5716,13.4567,17.9934
2021-05-04 17:26:32,9.9647,14.2421,16.1723
2021-05-04 17:26:33,11.2768,14.3997,15.1188
2021-05-04 17:26:34,,14.7913,14.5563
2021-05-04 17:26:35,11.216,15.1647,13.082
2021-05-04 17:26:36,,15.6293,15.1451
2021-05-04 17:26:37,13.3439,16.1486,15.5092
2021-05-04 17:26:38,13.4219,,12.5129
2021-05-04 17:26:39,,16.0288,15.6668
2021-05-04 17:26:40,12.853,15.2382,14.6891
